#pragma once
/*
    #version:1# (machine generated, don't edit!)

    Generated by sokol-shdc (https://github.com/floooh/sokol-tools)

    Overview:
    =========
    Shader program: 'composite':
        Get shader desc: oe_composite_shader_desc(sg_query_backend());
        Vertex Shader: fsq_vs
        Fragment Shader: composite_fs
        Attributes:
    Shader program: 'line':
        Get shader desc: oe_line_shader_desc(sg_query_backend());
        Vertex Shader: line_vs
        Fragment Shader: color_fs
        Attributes:
            ATTR_oe_line_position => 0
            ATTR_oe_line_color0 => 1
    Shader program: 'mesh':
        Get shader desc: oe_mesh_shader_desc(sg_query_backend());
        Vertex Shader: mesh_vs
        Fragment Shader: mesh_fs
        Attributes:
            ATTR_oe_mesh_position => 0
            ATTR_oe_mesh_normal => 1
            ATTR_oe_mesh_texcoord => 2
    Shader program: 'shadow':
        Get shader desc: oe_shadow_shader_desc(sg_query_backend());
        Vertex Shader: pos_vs
        Fragment Shader: depth_fs
        Attributes:
            ATTR_oe_shadow_position => 0
    Shader program: 'solid':
        Get shader desc: oe_solid_shader_desc(sg_query_backend());
        Vertex Shader: pos_vs
        Fragment Shader: solid_fs
        Attributes:
            ATTR_oe_solid_position => 0
    Shader program: 'ui':
        Get shader desc: oe_ui_shader_desc(sg_query_backend());
        Vertex Shader: ui_vs
        Fragment Shader: color_fs
        Attributes:
            ATTR_oe_ui_position => 0
            ATTR_oe_ui_color0 => 1
    Bindings:
        Uniform block 'composite_params':
            C struct: oe_composite_params_t
            Bind slot: UB_oe_composite_params => 0
        Uniform block 'line_params':
            C struct: oe_line_params_t
            Bind slot: UB_oe_line_params => 0
        Uniform block 'mesh_vs_params':
            C struct: oe_mesh_vs_params_t
            Bind slot: UB_oe_mesh_vs_params => 0
        Uniform block 'mesh_lights':
            C struct: oe_mesh_lights_t
            Bind slot: UB_oe_mesh_lights => 2
        Uniform block 'mesh_material':
            C struct: oe_mesh_material_t
            Bind slot: UB_oe_mesh_material => 1
        Uniform block 'pos_vs_params':
            C struct: oe_pos_vs_params_t
            Bind slot: UB_oe_pos_vs_params => 0
        Uniform block 'solid_params':
            C struct: oe_solid_params_t
            Bind slot: UB_oe_solid_params => 1
        Uniform block 'ui_params':
            C struct: oe_ui_params_t
            Bind slot: UB_oe_ui_params => 0
        Texture 'scene_tex':
            Image type: SG_IMAGETYPE_2D
            Sample type: SG_IMAGESAMPLETYPE_FLOAT
            Multisampled: false
            Bind slot: VIEW_oe_scene_tex => 0
        Texture 'mask_tex':
            Image type: SG_IMAGETYPE_2D
            Sample type: SG_IMAGESAMPLETYPE_FLOAT
            Multisampled: false
            Bind slot: VIEW_oe_mask_tex => 1
        Texture 'shadow_tex':
            Image type: SG_IMAGETYPE_2D
            Sample type: SG_IMAGESAMPLETYPE_DEPTH
            Multisampled: false
            Bind slot: VIEW_oe_shadow_tex => 1
        Texture 'base_tex':
            Image type: SG_IMAGETYPE_2D
            Sample type: SG_IMAGESAMPLETYPE_FLOAT
            Multisampled: false
            Bind slot: VIEW_oe_base_tex => 0
        Sampler 'scene_smp':
            Type: SG_SAMPLERTYPE_FILTERING
            Bind slot: SMP_oe_scene_smp => 0
        Sampler 'mask_smp':
            Type: SG_SAMPLERTYPE_FILTERING
            Bind slot: SMP_oe_mask_smp => 1
        Sampler 'shadow_smp':
            Type: SG_SAMPLERTYPE_COMPARISON
            Bind slot: SMP_oe_shadow_smp => 1
        Sampler 'base_smp':
            Type: SG_SAMPLERTYPE_FILTERING
            Bind slot: SMP_oe_base_smp => 0
*/
#if !defined(SOKOL_GFX_INCLUDED)
#error "Please include sokol_gfx.h before Shaders.glsl.h"
#endif
#if !defined(SOKOL_SHDC_ALIGN)
#if defined(_MSC_VER)
#define SOKOL_SHDC_ALIGN(a) __declspec(align(a))
#else
#define SOKOL_SHDC_ALIGN(a) __attribute__((aligned(a)))
#endif
#endif
#define ATTR_oe_line_position (0)
#define ATTR_oe_line_color0 (1)
#define ATTR_oe_mesh_position (0)
#define ATTR_oe_mesh_normal (1)
#define ATTR_oe_mesh_texcoord (2)
#define ATTR_oe_shadow_position (0)
#define ATTR_oe_solid_position (0)
#define ATTR_oe_ui_position (0)
#define ATTR_oe_ui_color0 (1)
#define UB_oe_composite_params (0)
#define UB_oe_line_params (0)
#define UB_oe_mesh_vs_params (0)
#define UB_oe_mesh_lights (2)
#define UB_oe_mesh_material (1)
#define UB_oe_pos_vs_params (0)
#define UB_oe_solid_params (1)
#define UB_oe_ui_params (0)
#define VIEW_oe_scene_tex (0)
#define VIEW_oe_mask_tex (1)
#define VIEW_oe_shadow_tex (1)
#define VIEW_oe_base_tex (0)
#define SMP_oe_scene_smp (0)
#define SMP_oe_mask_smp (1)
#define SMP_oe_shadow_smp (1)
#define SMP_oe_base_smp (0)
#pragma pack(push,1)
SOKOL_SHDC_ALIGN(16) typedef struct oe_composite_params_t {
    float target[4];
    float outline_color[4];
} oe_composite_params_t;
#pragma pack(pop)
#pragma pack(push,1)
SOKOL_SHDC_ALIGN(16) typedef struct oe_line_params_t {
    float view_proj[16];
} oe_line_params_t;
#pragma pack(pop)
#pragma pack(push,1)
SOKOL_SHDC_ALIGN(16) typedef struct oe_mesh_vs_params_t {
    float view_proj[16];
    float model[16];
    float normal_mat[16];
} oe_mesh_vs_params_t;
#pragma pack(pop)
#pragma pack(push,1)
SOKOL_SHDC_ALIGN(16) typedef struct oe_mesh_lights_t {
    float shadow_vp[16];
    float ambient[4];
    float counts[4];
    float shadow_params[4];
    float dir_dir[4][4];
    float dir_color[4][4];
    float point_pos[16][4];
    float point_color[16][4];
} oe_mesh_lights_t;
#pragma pack(pop)
#pragma pack(push,1)
SOKOL_SHDC_ALIGN(16) typedef struct oe_mesh_material_t {
    float base_color[4];
    float flags[4];
} oe_mesh_material_t;
#pragma pack(pop)
#pragma pack(push,1)
SOKOL_SHDC_ALIGN(16) typedef struct oe_pos_vs_params_t {
    float mvp[16];
} oe_pos_vs_params_t;
#pragma pack(pop)
#pragma pack(push,1)
SOKOL_SHDC_ALIGN(16) typedef struct oe_solid_params_t {
    float color[4];
} oe_solid_params_t;
#pragma pack(pop)
#pragma pack(push,1)
SOKOL_SHDC_ALIGN(16) typedef struct oe_ui_params_t {
    float screen[4];
} oe_ui_params_t;
#pragma pack(pop)
/*
    #version 430

    uniform vec4 mesh_vs_params[12];
    layout(location = 0) in vec3 position;
    layout(location = 0) out vec3 v_wpos;
    layout(location = 1) out vec3 v_nrm;
    layout(location = 1) in vec3 normal;
    layout(location = 2) out vec2 v_uv;
    layout(location = 2) in vec2 texcoord;

    void main()
    {
        vec4 _28 = mat4(mesh_vs_params[4], mesh_vs_params[5], mesh_vs_params[6], mesh_vs_params[7]) * vec4(position, 1.0);
        v_wpos = _28.xyz;
        v_nrm = (mat4(mesh_vs_params[8], mesh_vs_params[9], mesh_vs_params[10], mesh_vs_params[11]) * vec4(normal, 0.0)).xyz;
        v_uv = texcoord;
        gl_Position = mat4(mesh_vs_params[0], mesh_vs_params[1], mesh_vs_params[2], mesh_vs_params[3]) * _28;
    }

*/
static const uint8_t oe_mesh_vs_source_glsl430[682] = {
    0x23,0x76,0x65,0x72,0x73,0x69,0x6f,0x6e,0x20,0x34,0x33,0x30,0x0a,0x0a,0x75,0x6e,
    0x69,0x66,0x6f,0x72,0x6d,0x20,0x76,0x65,0x63,0x34,0x20,0x6d,0x65,0x73,0x68,0x5f,
    0x76,0x73,0x5f,0x70,0x61,0x72,0x61,0x6d,0x73,0x5b,0x31,0x32,0x5d,0x3b,0x0a,0x6c,
    0x61,0x79,0x6f,0x75,0x74,0x28,0x6c,0x6f,0x63,0x61,0x74,0x69,0x6f,0x6e,0x20,0x3d,
    0x20,0x30,0x29,0x20,0x69,0x6e,0x20,0x76,0x65,0x63,0x33,0x20,0x70,0x6f,0x73,0x69,
    0x74,0x69,0x6f,0x6e,0x3b,0x0a,0x6c,0x61,0x79,0x6f,0x75,0x74,0x28,0x6c,0x6f,0x63,
    0x61,0x74,0x69,0x6f,0x6e,0x20,0x3d,0x20,0x30,0x29,0x20,0x6f,0x75,0x74,0x20,0x76,
    0x65,0x63,0x33,0x20,0x76,0x5f,0x77,0x70,0x6f,0x73,0x3b,0x0a,0x6c,0x61,0x79,0x6f,
    0x75,0x74,0x28,0x6c,0x6f,0x63,0x61,0x74,0x69,0x6f,0x6e,0x20,0x3d,0x20,0x31,0x29,
    0x20,0x6f,0x75,0x74,0x20,0x76,0x65,0x63,0x33,0x20,0x76,0x5f,0x6e,0x72,0x6d,0x3b,
    0x0a,0x6c,0x61,0x79,0x6f,0x75,0x74,0x28,0x6c,0x6f,0x63,0x61,0x74,0x69,0x6f,0x6e,
    0x20,0x3d,0x20,0x31,0x29,0x20,0x69,0x6e,0x20,0x76,0x65,0x63,0x33,0x20,0x6e,0x6f,
    0x72,0x6d,0x61,0x6c,0x3b,0x0a,0x6c,0x61,0x79,0x6f,0x75,0x74,0x28,0x6c,0x6f,0x63,
    0x61,0x74,0x69,0x6f,0x6e,0x20,0x3d,0x20,0x32,0x29,0x20,0x6f,0x75,0x74,0x20,0x76,
    0x65,0x63,0x32,0x20,0x76,0x5f,0x75,0x76,0x3b,0x0a,0x6c,0x61,0x79,0x6f,0x75,0x74,
    0x28,0x6c,0x6f,0x63,0x61,0x74,0x69,0x6f,0x6e,0x20,0x3d,0x20,0x32,0x29,0x20,0x69,
    0x6e,0x20,0x76,0x65,0x63,0x32,0x20,0x74,0x65,0x78,0x63,0x6f,0x6f,0x72,0x64,0x3b,
    0x0a,0x0a,0x76,0x6f,0x69,0x64,0x20,0x6d,0x61,0x69,0x6e,0x28,0x29,0x0a,0x7b,0x0a,
    0x20,0x20,0x20,0x20,0x76,0x65,0x63,0x34,0x20,0x5f,0x32,0x38,0x20,0x3d,0x20,0x6d,
    0x61,0x74,0x34,0x28,0x6d,0x65,0x73,0x68,0x5f,0x76,0x73,0x5f,0x70,0x61,0x72,0x61,
    0x6d,0x73,0x5b,0x34,0x5d,0x2c,0x20,0x6d,0x65,0x73,0x68,0x5f,0x76,0x73,0x5f,0x70,
    0x61,0x72,0x61,0x6d,0x73,0x5b,0x35,0x5d,0x2c,0x20,0x6d,0x65,0x73,0x68,0x5f,0x76,
    0x73,0x5f,0x70,0x61,0x72,0x61,0x6d,0x73,0x5b,0x36,0x5d,0x2c,0x20,0x6d,0x65,0x73,
    0x68,0x5f,0x76,0x73,0x5f,0x70,0x61,0x72,0x61,0x6d,0x73,0x5b,0x37,0x5d,0x29,0x20,
    0x2a,0x20,0x76,0x65,0x63,0x34,0x28,0x70,0x6f,0x73,0x69,0x74,0x69,0x6f,0x6e,0x2c,
    0x20,0x31,0x2e,0x30,0x29,0x3b,0x0a,0x20,0x20,0x20,0x20,0x76,0x5f,0x77,0x70,0x6f,
    0x73,0x20,0x3d,0x20,0x5f,0x32,0x38,0x2e,0x78,0x79,0x7a,0x3b,0x0a,0x20,0x20,0x20,
    0x20,0x76,0x5f,0x6e,0x72,0x6d,0x20,0x3d,0x20,0x28,0x6d,0x61,0x74,0x34,0x28,0x6d,
    0x65,0x73,0x68,0x5f,0x76,0x73,0x5f,0x70,0x61,0x72,0x61,0x6d,0x73,0x5b,0x38,0x5d,
    0x2c,0x20,0x6d,0x65,0x73,0x68,0x5f,0x76,0x73,0x5f,0x70,0x61,0x72,0x61,0x6d,0x73,
    0x5b,0x39,0x5d,0x2c,0x20,0x6d,0x65,0x73,0x68,0x5f,0x76,0x73,0x5f,0x70,0x61,0x72,
    0x61,0x6d,0x73,0x5b,0x31,0x30,0x5d,0x2c,0x20,0x6d,0x65,0x73,0x68,0x5f,0x76,0x73,
    0x5f,0x70,0x61,0x72,0x61,0x6d,0x73,0x5b,0x31,0x31,0x5d,0x29,0x20,0x2a,0x20,0x76,
    0x65,0x63,0x34,0x28,0x6e,0x6f,0x72,0x6d,0x61,0x6c,0x2c,0x20,0x30,0x2e,0x30,0x29,
    0x29,0x2e,0x78,0x79,0x7a,0x3b,0x0a,0x20,0x20,0x20,0x20,0x76,0x5f,0x75,0x76,0x20,
    0x3d,0x20,0x74,0x65,0x78,0x63,0x6f,0x6f,0x72,0x64,0x3b,0x0a,0x20,0x20,0x20,0x20,
    0x67,0x6c,0x5f,0x50,0x6f,0x73,0x69,0x74,0x69,0x6f,0x6e,0x20,0x3d,0x20,0x6d,0x61,
    0x74,0x34,0x28,0x6d,0x65,0x73,0x68,0x5f,0x76,0x73,0x5f,0x70,0x61,0x72,0x61,0x6d,
    0x73,0x5b,0x30,0x5d,0x2c,0x20,0x6d,0x65,0x73,0x68,0x5f,0x76,0x73,0x5f,0x70,0x61,
    0x72,0x61,0x6d,0x73,0x5b,0x31,0x5d,0x2c,0x20,0x6d,0x65,0x73,0x68,0x5f,0x76,0x73,
    0x5f,0x70,0x61,0x72,0x61,0x6d,0x73,0x5b,0x32,0x5d,0x2c,0x20,0x6d,0x65,0x73,0x68,
    0x5f,0x76,0x73,0x5f,0x70,0x61,0x72,0x61,0x6d,0x73,0x5b,0x33,0x5d,0x29,0x20,0x2a,
    0x20,0x5f,0x32,0x38,0x3b,0x0a,0x7d,0x0a,0x0a,0x00,
};
/*
    #version 430

    uniform vec4 mesh_lights[47];
    uniform vec4 mesh_material[2];
    layout(binding = 0) uniform sampler2D base_tex_base_smp;
    layout(binding = 1) uniform sampler2DShadow shadow_tex_shadow_smp;

    layout(location = 2) in vec2 v_uv;
    layout(location = 0) out vec4 frag_color;
    layout(location = 1) in vec3 v_nrm;
    layout(location = 0) in vec3 v_wpos;

    float shadow_lit(vec3 wpos, vec3 n)
    {
        vec4 _49 = mat4(mesh_lights[0], mesh_lights[1], mesh_lights[2], mesh_lights[3]) * vec4(wpos + (n * (mesh_lights[6].x * 1.5)), 1.0);
        vec3 _58 = _49.xyz / vec3(_49.w);
        float _66 = (_58.x * 0.5) + 0.5;
        float _72 = (_58.y * 0.5) + 0.5;
        vec2 _394 = vec2(_66, _72);
        float _79 = (_58.z * 0.5) + 0.5;
        bool _84 = _66 < 0.0;
        bool _91;
        if (!_84)
        {
            _91 = _66 > 1.0;
        }
        else
        {
            _91 = _84;
        }
        bool _98;
        if (!_91)
        {
            _98 = _72 < 0.0;
        }
        else
        {
            _98 = _91;
        }
        bool _105;
        if (!_98)
        {
            _105 = _72 > 1.0;
        }
        else
        {
            _105 = _98;
        }
        if (_105 || (_79 > 1.0))
        {
            return 1.0;
        }
        float lit = 0.0;
        for (int dy = -1; dy <= 1; dy++)
        {
            for (int dx = -1; dx <= 1; dx++)
            {
                float _158 = _79 - mesh_lights[6].z;
                lit += texture(shadow_tex_shadow_smp, vec3(vec3(_394 + (vec2(float(dx), float(dy)) * mesh_lights[6].y), _158).xy, _158));
            }
        }
        return 1.0 - (mesh_lights[5].w * (1.0 - (lit * 0.111111111938953399658203125)));
    }

    void main()
    {
        vec3 base = mesh_material[0].xyz;
        if (mesh_material[1].y > 0.5)
        {
            base *= texture(base_tex_base_smp, v_uv).xyz;
        }
        if (mesh_material[1].x > 0.5)
        {
            frag_color = vec4(clamp(base, vec3(0.0), vec3(1.0)), 1.0);
            return;
        }
        vec3 _227 = normalize(v_nrm);
        vec3 light = mesh_lights[4].xyz;
        int _235 = int(mesh_lights[5].x);
        float _274;
        for (int i = 0; i < 4; i++)
        {
            if (i >= _235)
            {
                break;
            }
            float _259 = max(0.0, dot(_227, -mesh_lights[i * 1 + 7].xyz));
            if (_259 <= 0.0)
            {
                continue;
            }
            bool _267 = i == 0;
            bool _273;
            if (_267)
            {
                _273 = mesh_lights[5].z > 0.5;
            }
            else
            {
                _273 = _267;
            }
            if (_273)
            {
                vec3 param = v_wpos;
                vec3 param_1 = _227;
                _274 = shadow_lit(param, param_1);
            }
            else
            {
                _274 = 1.0;
            }
            light += (mesh_lights[i * 1 + 11].xyz * (_259 * _274));
        }
        int _301 = int(mesh_lights[5].y);
        for (int i_1 = 0; i_1 < 16; i_1++)
        {
            if (i_1 >= _301)
            {
                break;
            }
            vec3 _324 = mesh_lights[i_1 * 1 + 15].xyz - v_wpos;
            float _327 = length(_324);
            if ((_327 >= mesh_lights[i_1 * 1 + 15].w) || (_327 < 9.9999997473787516355514526367188e-06))
            {
                continue;
            }
            float _354 = 1.0 - (_327 / mesh_lights[i_1 * 1 + 15].w);
            light += (mesh_lights[i_1 * 1 + 31].xyz * ((max(0.0, dot(_227, _324 / vec3(_327))) * _354) * _354));
        }
        frag_color = vec4(clamp(base * light, vec3(0.0), vec3(1.0)), 1.0);
    }

*/
static const uint8_t oe_mesh_fs_source_glsl430[3261] = {
    0x23,0x76,0x65,0x72,0x73,0x69,0x6f,0x6e,0x20,0x34,0x33,0x30,0x0a,0x0a,0x75,0x6e,
    0x69,0x66,0x6f,0x72,0x6d,0x20,0x76,0x65,0x63,0x34,0x20,0x6d,0x65,0x73,0x68,0x5f,
    0x6c,0x69,0x67,0x68,0x74,0x73,0x5b,0x34,0x37,0x5d,0x3b,0x0a,0x75,0x6e,0x69,0x66,
    0x6f,0x72,0x6d,0x20,0x76,0x65,0x63,0x34,0x20,0x6d,0x65,0x73,0x68,0x5f,0x6d,0x61,
    0x74,0x65,0x72,0x69,0x61,0x6c,0x5b,0x32,0x5d,0x3b,0x0a,0x6c,0x61,0x79,0x6f,0x75,
    0x74,0x28,0x62,0x69,0x6e,0x64,0x69,0x6e,0x67,0x20,0x3d,0x20,0x30,0x29,0x20,0x75,
    0x6e,0x69,0x66,0x6f,0x72,0x6d,0x20,0x73,0x61,0x6d,0x70,0x6c,0x65,0x72,0x32,0x44,
    0x20,0x62,0x61,0x73,0x65,0x5f,0x74,0x65,0x78,0x5f,0x62,0x61,0x73,0x65,0x5f,0x73,
    0x6d,0x70,0x3b,0x0a,0x6c,0x61,0x79,0x6f,0x75,0x74,0x28,0x62,0x69,0x6e,0x64,0x69,
    0x6e,0x67,0x20,0x3d,0x20,0x31,0x29,0x20,0x75,0x6e,0x69,0x66,0x6f,0x72,0x6d,0x20,
    0x73,0x61,0x6d,0x70,0x6c,0x65,0x72,0x32,0x44,0x53,0x68,0x61,0x64,0x6f,0x77,0x20,
    0x73,0x68,0x61,0x64,0x6f,0x77,0x5f,0x74,0x65,0x78,0x5f,0x73,0x68,0x61,0x64,0x6f,
    0x77,0x5f,0x73,0x6d,0x70,0x3b,0x0a,0x0a,0x6c,0x61,0x79,0x6f,0x75,0x74,0x28,0x6c,
    0x6f,0x63,0x61,0x74,0x69,0x6f,0x6e,0x20,0x3d,0x20,0x32,0x29,0x20,0x69,0x6e,0x20,
    0x76,0x65,0x63,0x32,0x20,0x76,0x5f,0x75,0x76,0x3b,0x0a,0x6c,0x61,0x79,0x6f,0x75,
    0x74,0x28,0x6c,0x6f,0x63,0x61,0x74,0x69,0x6f,0x6e,0x20,0x3d,0x20,0x30,0x29,0x20,
    0x6f,0x75,0x74,0x20,0x76,0x65,0x63,0x34,0x20,0x66,0x72,0x61,0x67,0x5f,0x63,0x6f,
    0x6c,0x6f,0x72,0x3b,0x0a,0x6c,0x61,0x79,0x6f,0x75,0x74,0x28,0x6c,0x6f,0x63,0x61,
    0x74,0x69,0x6f,0x6e,0x20,0x3d,0x20,0x31,0x29,0x20,0x69,0x6e,0x20,0x76,0x65,0x63,
    0x33,0x20,0x76,0x5f,0x6e,0x72,0x6d,0x3b,0x0a,0x6c,0x61,0x79,0x6f,0x75,0x74,0x28,
    0x6c,0x6f,0x63,0x61,0x74,0x69,0x6f,0x6e,0x20,0x3d,0x20,0x30,0x29,0x20,0x69,0x6e,
    0x20,0x76,0x65,0x63,0x33,0x20,0x76,0x5f,0x77,0x70,0x6f,0x73,0x3b,0x0a,0x0a,0x66,
    0x6c,0x6f,0x61,0x74,0x20,0x73,0x68,0x61,0x64,0x6f,0x77,0x5f,0x6c,0x69,0x74,0x28,
    0x76,0x65,0x63,0x33,0x20,0x77,0x70,0x6f,0x73,0x2c,0x20,0x76,0x65,0x63,0x33,0x20,
    0x6e,0x29,0x0a,0x7b,0x0a,0x20,0x20,0x20,0x20,0x76,0x65,0x63,0x34,0x20,0x5f,0x34,
    0x39,0x20,0x3d,0x20,0x6d,0x61,0x74,0x34,0x28,0x6d,0x65,0x73,0x68,0x5f,0x6c,0x69,
    0x67,0x68,0x74,0x73,0x5b,0x30,0x5d,0x2c,0x20,0x6d,0x65,0x73,0x68,0x5f,0x6c,0x69,
    0x67,0x68,0x74,0x73,0x5b,0x31,0x5d,0x2c,0x20,0x6d,0x65,0x73,0x68,0x5f,0x6c,0x69,
    0x67,0x68,0x74,0x73,0x5b,0x32,0x5d,0x2c,0x20,0x6d,0x65,0x73,0x68,0x5f,0x6c,0x69,
    0x67,0x68,0x74,0x73,0x5b,0x33,0x5d,0x29,0x20,0x2a,0x20,0x76,0x65,0x63,0x34,0x28,
    0x77,0x70,0x6f,0x73,0x20,0x2b,0x20,0x28,0x6e,0x20,0x2a,0x20,0x28,0x6d,0x65,0x73,
    0x68,0x5f,0x6c,0x69,0x67,0x68,0x74,0x73,0x5b,0x36,0x5d,0x2e,0x78,0x20,0x2a,0x20,
    0x31,0x2e,0x35,0x29,0x29,0x2c,0x20,0x31,0x2e,0x30,0x29,0x3b,0x0a,0x20,0x20,0x20,
    0x20,0x76,0x65,0x63,0x33,0x20,0x5f,0x35,0x38,0x20,0x3d,0x20,0x5f,0x34,0x39,0x2e,
    0x78,0x79,0x7a,0x20,0x2f,0x20,0x76,0x65,0x63,0x33,0x28,0x5f,0x34,0x39,0x2e,0x77,
    0x29,0x3b,0x0a,0x20,0x20,0x20,0x20,0x66,0x6c,0x6f,0x61,0x74,0x20,0x5f,0x36,0x36,
    0x20,0x3d,0x20,0x28,0x5f,0x35,0x38,0x2e,0x78,0x20,0x2a,0x20,0x30,0x2e,0x35,0x29,
    0x20,0x2b,0x20,0x30,0x2e,0x35,0x3b,0x0a,0x20,0x20,0x20,0x20,0x66,0x6c,0x6f,0x61,
    0x74,0x20,0x5f,0x37,0x32,0x20,0x3d,0x20,0x28,0x5f,0x35,0x38,0x2e,0x79,0x20,0x2a,
    0x20,0x30,0x2e,0x35,0x29,0x20,0x2b,0x20,0x30,0x2e,0x35,0x3b,0x0a,0x20,0x20,0x20,
    0x20,0x76,0x65,0x63,0x32,0x20,0x5f,0x33,0x39,0x34,0x20,0x3d,0x20,0x76,0x65,0x63,
    0x32,0x28,0x5f,0x36,0x36,0x2c,0x20,0x5f,0x37,0x32,0x29,0x3b,0x0a,0x20,0x20,0x20,
    0x20,0x66,0x6c,0x6f,0x61,0x74,0x20,0x5f,0x37,0x39,0x20,0x3d,0x20,0x28,0x5f,0x35,
    0x38,0x2e,0x7a,0x20,0x2a,0x20,0x30,0x2e,0x35,0x29,0x20,0x2b,0x20,0x30,0x2e,0x35,
    0x3b,0x0a,0x20,0x20,0x20,0x20,0x62,0x6f,0x6f,0x6c,0x20,0x5f,0x38,0x34,0x20,0x3d,
    0x20,0x5f,0x36,0x36,0x20,0x3c,0x20,0x30,0x2e,0x30,0x3b,0x0a,0x20,0x20,0x20,0x20,
    0x62,0x6f,0x6f,0x6c,0x20,0x5f,0x39,0x31,0x3b,0x0a,0x20,0x20,0x20,0x20,0x69,0x66,
    0x20,0x28,0x21,0x5f,0x38,0x34,0x29,0x0a,0x20,0x20,0x20,0x20,0x7b,0x0a,0x20,0x20,
    0x20,0x20,0x20,0x20,0x20,0x20,0x5f,0x39,0x31,0x20,0x3d,0x20,0x5f,0x36,0x36,0x20,
    0x3e,0x20,0x31,0x2e,0x30,0x3b,0x0a,0x20,0x20,0x20,0x20,0x7d,0x0a,0x20,0x20,0x20,
    0x20,0x65,0x6c,0x73,0x65,0x0a,0x20,0x20,0x20,0x20,0x7b,0x0a,0x20,0x20,0x20,0x20,
    0x20,0x20,0x20,0x20,0x5f,0x39,0x31,0x20,0x3d,0x20,0x5f,0x38,0x34,0x3b,0x0a,0x20,
    0x20,0x20,0x20,0x7d,0x0a,0x20,0x20,0x20,0x20,0x62,0x6f,0x6f,0x6c,0x20,0x5f,0x39,
    0x38,0x3b,0x0a,0x20,0x20,0x20,0x20,0x69,0x66,0x20,0x28,0x21,0x5f,0x39,0x31,0x29,
    0x0a,0x20,0x20,0x20,0x20,0x7b,0x0a,0x20,0x20,0x20,0x20,0x20,0x20,0x20,0x20,0x5f,
    0x39,0x38,0x20,0x3d,0x20,0x5f,0x37,0x32,0x20,0x3c,0x20,0x30,0x2e,0x30,0x3b,0x0a,
    0x20,0x20,0x20,0x20,0x7d,0x0a,0x20,0x20,0x20,0x20,0x65,0x6c,0x73,0x65,0x0a,0x20,
    0x20,0x20,0x20,0x7b,0x0a,0x20,0x20,0x20,0x20,0x20,0x20,0x20,0x20,0x5f,0x39,0x38,
    0x20,0x3d,0x20,0x5f,0x39,0x31,0x3b,0x0a,0x20,0x20,0x20,0x20,0x7d,0x0a,0x20,0x20,
    0x20,0x20,0x62,0x6f,0x6f,0x6c,0x20,0x5f,0x31,0x30,0x35,0x3b,0x0a,0x20,0x20,0x20,
    0x20,0x69,0x66,0x20,0x28,0x21,0x5f,0x39,0x38,0x29,0x0a,0x20,0x20,0x20,0x20,0x7b,
    0x0a,0x20,0x20,0x20,0x20,0x20,0x20,0x20,0x20,0x5f,0x31,0x30,0x35,0x20,0x3d,0x20,
    0x5f,0x37,0x32,0x20,0x3e,0x20,0x31,0x2e,0x30,0x3b,0x0a,0x20,0x20,0x20,0x20,0x7d,
    0x0a,0x20,0x20,0x20,0x20,0x65,0x6c,0x73,0x65,0x0a,0x20,0x20,0x20,0x20,0x7b,0x0a,
    0x20,0x20,0x20,0x20,0x20,0x20,0x20,0x20,0x5f,0x31,0x30,0x35,0x20,0x3d,0x20,0x5f,
    0x39,0x38,0x3b,0x0a,0x20,0x20,0x20,0x20,0x7d,0x0a,0x20,0x20,0x20,0x20,0x69,0x66,
    0x20,0x28,0x5f,0x31,0x30,0x35,0x20,0x7c,0x7c,0x20,0x28,0x5f,0x37,0x39,0x20,0x3e,
    0x20,0x31,0x2e,0x30,0x29,0x29,0x0a,0x20,0x20,0x20,0x20,0x7b,0x0a,0x20,0x20,0x20,
    0x20,0x20,0x20,0x20,0x20,0x72,0x65,0x74,0x75,0x72,0x6e,0x20,0x31,0x2e,0x30,0x3b,
    0x0a,0x20,0x20,0x20,0x20,0x7d,0x0a,0x20,0x20,0x20,0x20,0x66,0x6c,0x6f,0x61,0x74,
    0x20,0x6c,0x69,0x74,0x20,0x3d,0x20,0x30,0x2e,0x30,0x3b,0x0a,0x20,0x20,0x20,0x20,
    0x66,0x6f,0x72,0x20,0x28,0x69,0x6e,0x74,0x20,0x64,0x79,0x20,0x3d,0x20,0x2d,0x31,
    0x3b,0x20,0x64,0x79,0x20,0x3c,0x3d,0x20,0x31,0x3b,0x20,0x64,0x79,0x2b,0x2b,0x29,
    0x0a,0x20,0x20,0x20,0x20,0x7b,0x0a,0x20,0x20,0x20,0x20,0x20,0x20,0x20,0x20,0x66,
    0x6f,0x72,0x20,0x28,0x69,0x6e,0x74,0x20,0x64,0x78,0x20,0x3d,0x20,0x2d,0x31,0x3b,
    0x20,0x64,0x78,0x20,0x3c,0x3d,0x20,0x31,0x3b,0x20,0x64,0x78,0x2b,0x2b,0x29,0x0a,
    0x20,0x20,0x20,0x20,0x20,0x20,0x20,0x20,0x7b,0x0a,0x20,0x20,0x20,0x20,0x20,0x20,
    0x20,0x20,0x20,0x20,0x20,0x20,0x66,0x6c,0x6f,0x61,0x74,0x20,0x5f,0x31,0x35,0x38,
    0x20,0x3d,0x20,0x5f,0x37,0x39,0x20,0x2d,0x20,0x6d,0x65,0x73,0x68,0x5f,0x6c,0x69,
    0x67,0x68,0x74,0x73,0x5b,0x36,0x5d,0x2e,0x7a,0x3b,0x0a,0x20,0x20,0x20,0x20,0x20,
    0x20,0x20,0x20,0x20,0x20,0x20,0x20,0x6c,0x69,0x74,0x20,0x2b,0x3d,0x20,0x74,0x65,
    0x78,0x74,0x75,0x72,0x65,0x28,0x73,0x68,0x61,0x64,0x6f,0x77,0x5f,0x74,0x65,0x78,
    0x5f,0x73,0x68,0x61,0x64,0x6f,0x77,0x5f,0x73,0x6d,0x70,0x2c,0x20,0x76,0x65,0x63,
    0x33,0x28,0x76,0x65,0x63,0x33,0x28,0x5f,0x33,0x39,0x34,0x20,0x2b,0x20,0x28,0x76,
    0x65,0x63,0x32,0x28,0x66,0x6c,0x6f,0x61,0x74,0x28,0x64,0x78,0x29,0x2c,0x20,0x66,
    0x6c,0x6f,0x61,0x74,0x28,0x64,0x79,0x29,0x29,0x20,0x2a,0x20,0x6d,0x65,0x73,0x68,
    0x5f,0x6c,0x69,0x67,0x68,0x74,0x73,0x5b,0x36,0x5d,0x2e,0x79,0x29,0x2c,0x20,0x5f,
    0x31,0x35,0x38,0x29,0x2e,0x78,0x79,0x2c,0x20,0x5f,0x31,0x35,0x38,0x29,0x29,0x3b,
    0x0a,0x20,0x20,0x20,0x20,0x20,0x20,0x20,0x20,0x7d,0x0a,0x20,0x20,0x20,0x20,0x7d,
    0x0a,0x20,0x20,0x20,0x20,0x72,0x65,0x74,0x75,0x72,0x6e,0x20,0x31,0x2e,0x30,0x20,
    0x2d,0x20,0x28,0x6d,0x65,0x73,0x68,0x5f,0x6c,0x69,0x67,0x68,0x74,0x73,0x5b,0x35,
    0x5d,0x2e,0x77,0x20,0x2a,0x20,0x28,0x31,0x2e,0x30,0x20,0x2d,0x20,0x28,0x6c,0x69,
    0x74,0x20,0x2a,0x20,0x30,0x2e,0x31,0x31,0x31,0x31,0x31,0x31,0x31,0x31,0x31,0x39,
    0x33,0x38,0x39,0x35,0x33,0x33,0x39,0x39,0x36,0x35,0x38,0x32,0x30,0x33,0x31,0x32,
    0x35,0x29,0x29,0x29,0x3b,0x0a,0x7d,0x0a,0x0a,0x76,0x6f,0x69,0x64,0x20,0x6d,0x61,
    0x69,0x6e,0x28,0x29,0x0a,0x7b,0x0a,0x20,0x20,0x20,0x20,0x76,0x65,0x63,0x33,0x20,
    0x62,0x61,0x73,0x65,0x20,0x3d,0x20,0x6d,0x65,0x73,0x68,0x5f,0x6d,0x61,0x74,0x65,
    0x72,0x69,0x61,0x6c,0x5b,0x30,0x5d,0x2e,0x78,0x79,0x7a,0x3b,0x0a,0x20,0x20,0x20,
    0x20,0x69,0x66,0x20,0x28,0x6d,0x65,0x73,0x68,0x5f,0x6d,0x61,0x74,0x65,0x72,0x69,
    0x61,0x6c,0x5b,0x31,0x5d,0x2e,0x79,0x20,0x3e,0x20,0x30,0x2e,0x35,0x29,0x0a,0x20,
    0x20,0x20,0x20,0x7b,0x0a,0x20,0x20,0x20,0x20,0x20,0x20,0x20,0x20,0x62,0x61,0x73,
    0x65,0x20,0x2a,0x3d,0x20,0x74,0x65,0x78,0x74,0x75,0x72,0x65,0x28,0x62,0x61,0x73,
    0x65,0x5f,0x74,0x65,0x78,0x5f,0x62,0x61,0x73,0x65,0x5f,0x73,0x6d,0x70,0x2c,0x20,
    0x76,0x5f,0x75,0x76,0x29,0x2e,0x78,0x79,0x7a,0x3b,0x0a,0x20,0x20,0x20,0x20,0x7d,
    0x0a,0x20,0x20,0x20,0x20,0x69,0x66,0x20,0x28,0x6d,0x65,0x73,0x68,0x5f,0x6d,0x61,
    0x74,0x65,0x72,0x69,0x61,0x6c,0x5b,0x31,0x5d,0x2e,0x78,0x20,0x3e,0x20,0x30,0x2e,
    0x35,0x29,0x0a,0x20,0x20,0x20,0x20,0x7b,0x0a,0x20,0x20,0x20,0x20,0x20,0x20,0x20,
    0x20,0x66,0x72,0x61,0x67,0x5f,0x63,0x6f,0x6c,0x6f,0x72,0x20,0x3d,0x20,0x76,0x65,
    0x63,0x34,0x28,0x63,0x6c,0x61,0x6d,0x70,0x28,0x62,0x61,0x73,0x65,0x2c,0x20,0x76,
    0x65,0x63,0x33,0x28,0x30,0x2e,0x30,0x29,0x2c,0x20,0x76,0x65,0x63,0x33,0x28,0x31,
    0x2e,0x30,0x29,0x29,0x2c,0x20,0x31,0x2e,0x30,0x29,0x3b,0x0a,0x20,0x20,0x20,0x20,
    0x20,0x20,0x20,0x20,0x72,0x65,0x74,0x75,0x72,0x6e,0x3b,0x0a,0x20,0x20,0x20,0x20,
    0x7d,0x0a,0x20,0x20,0x20,0x20,0x76,0x65,0x63,0x33,0x20,0x5f,0x32,0x32,0x37,0x20,
    0x3d,0x20,0x6e,0x6f,0x72,0x6d,0x61,0x6c,0x69,0x7a,0x65,0x28,0x76,0x5f,0x6e,0x72,
    0x6d,0x29,0x3b,0x0a,0x20,0x20,0x20,0x20,0x76,0x65,0x63,0x33,0x20,0x6c,0x69,0x67,
    0x68,0x74,0x20,0x3d,0x20,0x6d,0x65,0x73,0x68,0x5f,0x6c,0x69,0x67,0x68,0x74,0x73,
    0x5b,0x34,0x5d,0x2e,0x78,0x79,0x7a,0x3b,0x0a,0x20,0x20,0x20,0x20,0x69,0x6e,0x74,
    0x20,0x5f,0x32,0x33,0x35,0x20,0x3d,0x20,0x69,0x6e,0x74,0x28,0x6d,0x65,0x73,0x68,
    0x5f,0x6c,0x69,0x67,0x68,0x74,0x73,0x5b,0x35,0x5d,0x2e,0x78,0x29,0x3b,0x0a,0x20,
    0x20,0x20,0x20,0x66,0x6c,0x6f,0x61,0x74,0x20,0x5f,0x32,0x37,0x34,0x3b,0x0a,0x20,
    0x20,0x20,0x20,0x66,0x6f,0x72,0x20,0x28,0x69,0x6e,0x74,0x20,0x69,0x20,0x3d,0x20,
    0x30,0x3b,0x20,0x69,0x20,0x3c,0x20,0x34,0x3b,0x20,0x69,0x2b,0x2b,0x29,0x0a,0x20,
    0x20,0x20,0x20,0x7b,0x0a,0x20,0x20,0x20,0x20,0x20,0x20,0x20,0x20,0x69,0x66,0x20,
    0x28,0x69,0x20,0x3e,0x3d,0x20,0x5f,0x32,0x33,0x35,0x29,0x0a,0x20,0x20,0x20,0x20,
    0x20,0x20,0x20,0x20,0x7b,0x0a,0x20,0x20,0x20,0x20,0x20,0x20,0x20,0x20,0x20,0x20,
    0x20,0x20,0x62,0x72,0x65,0x61,0x6b,0x3b,0x0a,0x20,0x20,0x20,0x20,0x20,0x20,0x20,
    0x20,0x7d,0x0a,0x20,0x20,0x20,0x20,0x20,0x20,0x20,0x20,0x66,0x6c,0x6f,0x61,0x74,
    0x20,0x5f,0x32,0x35,0x39,0x20,0x3d,0x20,0x6d,0x61,0x78,0x28,0x30,0x2e,0x30,0x2c,
    0x20,0x64,0x6f,0x74,0x28,0x5f,0x32,0x32,0x37,0x2c,0x20,0x2d,0x6d,0x65,0x73,0x68,
    0x5f,0x6c,0x69,0x67,0x68,0x74,0x73,0x5b,0x69,0x20,0x2a,0x20,0x31,0x20,0x2b,0x20,
    0x37,0x5d,0x2e,0x78,0x79,0x7a,0x29,0x29,0x3b,0x0a,0x20,0x20,0x20,0x20,0x20,0x20,
    0x20,0x20,0x69,0x66,0x20,0x28,0x5f,0x32,0x35,0x39,0x20,0x3c,0x3d,0x20,0x30,0x2e,
    0x30,0x29,0x0a,0x20,0x20,0x20,0x20,0x20,0x20,0x20,0x20,0x7b,0x0a,0x20,0x20,0x20,
    0x20,0x20,0x20,0x20,0x20,0x20,0x20,0x20,0x20,0x63,0x6f,0x6e,0x74,0x69,0x6e,0x75,
    0x65,0x3b,0x0a,0x20,0x20,0x20,0x20,0x20,0x20,0x20,0x20,0x7d,0x0a,0x20,0x20,0x20,
    0x20,0x20,0x20,0x20,0x20,0x62,0x6f,0x6f,0x6c,0x20,0x5f,0x32,0x36,0x37,0x20,0x3d,
    0x20,0x69,0x20,0x3d,0x3d,0x20,0x30,0x3b,0x0a,0x20,0x20,0x20,0x20,0x20,0x20,0x20,
    0x20,0x62,0x6f,0x6f,0x6c,0x20,0x5f,0x32,0x37,0x33,0x3b,0x0a,0x20,0x20,0x20,0x20,
    0x20,0x20,0x20,0x20,0x69,0x66,0x20,0x28,0x5f,0x32,0x36,0x37,0x29,0x0a,0x20,0x20,
    0x20,0x20,0x20,0x20,0x20,0x20,0x7b,0x0a,0x20,0x20,0x20,0x20,0x20,0x20,0x20,0x20,
    0x20,0x20,0x20,0x20,0x5f,0x32,0x37,0x33,0x20,0x3d,0x20,0x6d,0x65,0x73,0x68,0x5f,
    0x6c,0x69,0x67,0x68,0x74,0x73,0x5b,0x35,0x5d,0x2e,0x7a,0x20,0x3e,0x20,0x30,0x2e,
    0x35,0x3b,0x0a,0x20,0x20,0x20,0x20,0x20,0x20,0x20,0x20,0x7d,0x0a,0x20,0x20,0x20,
    0x20,0x20,0x20,0x20,0x20,0x65,0x6c,0x73,0x65,0x0a,0x20,0x20,0x20,0x20,0x20,0x20,
    0x20,0x20,0x7b,0x0a,0x20,0x20,0x20,0x20,0x20,0x20,0x20,0x20,0x20,0x20,0x20,0x20,
    0x5f,0x32,0x37,0x33,0x20,0x3d,0x20,0x5f,0x32,0x36,0x37,0x3b,0x0a,0x20,0x20,0x20,
    0x20,0x20,0x20,0x20,0x20,0x7d,0x0a,0x20,0x20,0x20,0x20,0x20,0x20,0x20,0x20,0x69,
    0x66,0x20,0x28,0x5f,0x32,0x37,0x33,0x29,0x0a,0x20,0x20,0x20,0x20,0x20,0x20,0x20,
    0x20,0x7b,0x0a,0x20,0x20,0x20,0x20,0x20,0x20,0x20,0x20,0x20,0x20,0x20,0x20,0x76,
    0x65,0x63,0x33,0x20,0x70,0x61,0x72,0x61,0x6d,0x20,0x3d,0x20,0x76,0x5f,0x77,0x70,
    0x6f,0x73,0x3b,0x0a,0x20,0x20,0x20,0x20,0x20,0x20,0x20,0x20,0x20,0x20,0x20,0x20,
    0x76,0x65,0x63,0x33,0x20,0x70,0x61,0x72,0x61,0x6d,0x5f,0x31,0x20,0x3d,0x20,0x5f,
    0x32,0x32,0x37,0x3b,0x0a,0x20,0x20,0x20,0x20,0x20,0x20,0x20,0x20,0x20,0x20,0x20,
    0x20,0x5f,0x32,0x37,0x34,0x20,0x3d,0x20,0x73,0x68,0x61,0x64,0x6f,0x77,0x5f,0x6c,
    0x69,0x74,0x28,0x70,0x61,0x72,0x61,0x6d,0x2c,0x20,0x70,0x61,0x72,0x61,0x6d,0x5f,
    0x31,0x29,0x3b,0x0a,0x20,0x20,0x20,0x20,0x20,0x20,0x20,0x20,0x7d,0x0a,0x20,0x20,
    0x20,0x20,0x20,0x20,0x20,0x20,0x65,0x6c,0x73,0x65,0x0a,0x20,0x20,0x20,0x20,0x20,
    0x20,0x20,0x20,0x7b,0x0a,0x20,0x20,0x20,0x20,0x20,0x20,0x20,0x20,0x20,0x20,0x20,
    0x20,0x5f,0x32,0x37,0x34,0x20,0x3d,0x20,0x31,0x2e,0x30,0x3b,0x0a,0x20,0x20,0x20,
    0x20,0x20,0x20,0x20,0x20,0x7d,0x0a,0x20,0x20,0x20,0x20,0x20,0x20,0x20,0x20,0x6c,
    0x69,0x67,0x68,0x74,0x20,0x2b,0x3d,0x20,0x28,0x6d,0x65,0x73,0x68,0x5f,0x6c,0x69,
    0x67,0x68,0x74,0x73,0x5b,0x69,0x20,0x2a,0x20,0x31,0x20,0x2b,0x20,0x31,0x31,0x5d,
    0x2e,0x78,0x79,0x7a,0x20,0x2a,0x20,0x28,0x5f,0x32,0x35,0x39,0x20,0x2a,0x20,0x5f,
    0x32,0x37,0x34,0x29,0x29,0x3b,0x0a,0x20,0x20,0x20,0x20,0x7d,0x0a,0x20,0x20,0x20,
    0x20,0x69,0x6e,0x74,0x20,0x5f,0x33,0x30,0x31,0x20,0x3d,0x20,0x69,0x6e,0x74,0x28,
    0x6d,0x65,0x73,0x68,0x5f,0x6c,0x69,0x67,0x68,0x74,0x73,0x5b,0x35,0x5d,0x2e,0x79,
    0x29,0x3b,0x0a,0x20,0x20,0x20,0x20,0x66,0x6f,0x72,0x20,0x28,0x69,0x6e,0x74,0x20,
    0x69,0x5f,0x31,0x20,0x3d,0x20,0x30,0x3b,0x20,0x69,0x5f,0x31,0x20,0x3c,0x20,0x31,
    0x36,0x3b,0x20,0x69,0x5f,0x31,0x2b,0x2b,0x29,0x0a,0x20,0x20,0x20,0x20,0x7b,0x0a,
    0x20,0x20,0x20,0x20,0x20,0x20,0x20,0x20,0x69,0x66,0x20,0x28,0x69,0x5f,0x31,0x20,
    0x3e,0x3d,0x20,0x5f,0x33,0x30,0x31,0x29,0x0a,0x20,0x20,0x20,0x20,0x20,0x20,0x20,
    0x20,0x7b,0x0a,0x20,0x20,0x20,0x20,0x20,0x20,0x20,0x20,0x20,0x20,0x20,0x20,0x62,
    0x72,0x65,0x61,0x6b,0x3b,0x0a,0x20,0x20,0x20,0x20,0x20,0x20,0x20,0x20,0x7d,0x0a,
    0x20,0x20,0x20,0x20,0x20,0x20,0x20,0x20,0x76,0x65,0x63,0x33,0x20,0x5f,0x33,0x32,
    0x34,0x20,0x3d,0x20,0x6d,0x65,0x73,0x68,0x5f,0x6c,0x69,0x67,0x68,0x74,0x73,0x5b,
    0x69,0x5f,0x31,0x20,0x2a,0x20,0x31,0x20,0x2b,0x20,0x31,0x35,0x5d,0x2e,0x78,0x79,
    0x7a,0x20,0x2d,0x20,0x76,0x5f,0x77,0x70,0x6f,0x73,0x3b,0x0a,0x20,0x20,0x20,0x20,
    0x20,0x20,0x20,0x20,0x66,0x6c,0x6f,0x61,0x74,0x20,0x5f,0x33,0x32,0x37,0x20,0x3d,
    0x20,0x6c,0x65,0x6e,0x67,0x74,0x68,0x28,0x5f,0x33,0x32,0x34,0x29,0x3b,0x0a,0x20,
    0x20,0x20,0x20,0x20,0x20,0x20,0x20,0x69,0x66,0x20,0x28,0x28,0x5f,0x33,0x32,0x37,
    0x20,0x3e,0x3d,0x20,0x6d,0x65,0x73,0x68,0x5f,0x6c,0x69,0x67,0x68,0x74,0x73,0x5b,
    0x69,0x5f,0x31,0x20,0x2a,0x20,0x31,0x20,0x2b,0x20,0x31,0x35,0x5d,0x2e,0x77,0x29,
    0x20,0x7c,0x7c,0x20,0x28,0x5f,0x33,0x32,0x37,0x20,0x3c,0x20,0x39,0x2e,0x39,0x39,
    0x39,0x39,0x39,0x39,0x37,0x34,0x37,0x33,0x37,0x38,0x37,0x35,0x31,0x36,0x33,0x35,
    0x35,0x35,0x31,0x34,0x35,0x32,0x36,0x33,0x36,0x37,0x31,0x38,0x38,0x65,0x2d,0x30,
    0x36,0x29,0x29,0x0a,0x20,0x20,0x20,0x20,0x20,0x20,0x20,0x20,0x7b,0x0a,0x20,0x20,
    0x20,0x20,0x20,0x20,0x20,0x20,0x20,0x20,0x20,0x20,0x63,0x6f,0x6e,0x74,0x69,0x6e,
    0x75,0x65,0x3b,0x0a,0x20,0x20,0x20,0x20,0x20,0x20,0x20,0x20,0x7d,0x0a,0x20,0x20,
    0x20,0x20,0x20,0x20,0x20,0x20,0x66,0x6c,0x6f,0x61,0x74,0x20,0x5f,0x33,0x35,0x34,
    0x20,0x3d,0x20,0x31,0x2e,0x30,0x20,0x2d,0x20,0x28,0x5f,0x33,0x32,0x37,0x20,0x2f,
    0x20,0x6d,0x65,0x73,0x68,0x5f,0x6c,0x69,0x67,0x68,0x74,0x73,0x5b,0x69,0x5f,0x31,
    0x20,0x2a,0x20,0x31,0x20,0x2b,0x20,0x31,0x35,0x5d,0x2e,0x77,0x29,0x3b,0x0a,0x20,
    0x20,0x20,0x20,0x20,0x20,0x20,0x20,0x6c,0x69,0x67,0x68,0x74,0x20,0x2b,0x3d,0x20,
    0x28,0x6d,0x65,0x73,0x68,0x5f,0x6c,0x69,0x67,0x68,0x74,0x73,0x5b,0x69,0x5f,0x31,
    0x20,0x2a,0x20,0x31,0x20,0x2b,0x20,0x33,0x31,0x5d,0x2e,0x78,0x79,0x7a,0x20,0x2a,
    0x20,0x28,0x28,0x6d,0x61,0x78,0x28,0x30,0x2e,0x30,0x2c,0x20,0x64,0x6f,0x74,0x28,
    0x5f,0x32,0x32,0x37,0x2c,0x20,0x5f,0x33,0x32,0x34,0x20,0x2f,0x20,0x76,0x65,0x63,
    0x33,0x28,0x5f,0x33,0x32,0x37,0x29,0x29,0x29,0x20,0x2a,0x20,0x5f,0x33,0x35,0x34,
    0x29,0x20,0x2a,0x20,0x5f,0x33,0x35,0x34,0x29,0x29,0x3b,0x0a,0x20,0x20,0x20,0x20,
    0x7d,0x0a,0x20,0x20,0x20,0x20,0x66,0x72,0x61,0x67,0x5f,0x63,0x6f,0x6c,0x6f,0x72,
    0x20,0x3d,0x20,0x76,0x65,0x63,0x34,0x28,0x63,0x6c,0x61,0x6d,0x70,0x28,0x62,0x61,
    0x73,0x65,0x20,0x2a,0x20,0x6c,0x69,0x67,0x68,0x74,0x2c,0x20,0x76,0x65,0x63,0x33,
    0x28,0x30,0x2e,0x30,0x29,0x2c,0x20,0x76,0x65,0x63,0x33,0x28,0x31,0x2e,0x30,0x29,
    0x29,0x2c,0x20,0x31,0x2e,0x30,0x29,0x3b,0x0a,0x7d,0x0a,0x0a,0x00,
};
/*
    #version 430

    uniform vec4 pos_vs_params[4];
    layout(location = 0) in vec3 position;

    void main()
    {
        gl_Position = mat4(pos_vs_params[0], pos_vs_params[1], pos_vs_params[2], pos_vs_params[3]) * vec4(position, 1.0);
    }

*/
static const uint8_t oe_pos_vs_source_glsl430[221] = {
    0x23,0x76,0x65,0x72,0x73,0x69,0x6f,0x6e,0x20,0x34,0x33,0x30,0x0a,0x0a,0x75,0x6e,
    0x69,0x66,0x6f,0x72,0x6d,0x20,0x76,0x65,0x63,0x34,0x20,0x70,0x6f,0x73,0x5f,0x76,
    0x73,0x5f,0x70,0x61,0x72,0x61,0x6d,0x73,0x5b,0x34,0x5d,0x3b,0x0a,0x6c,0x61,0x79,
    0x6f,0x75,0x74,0x28,0x6c,0x6f,0x63,0x61,0x74,0x69,0x6f,0x6e,0x20,0x3d,0x20,0x30,
    0x29,0x20,0x69,0x6e,0x20,0x76,0x65,0x63,0x33,0x20,0x70,0x6f,0x73,0x69,0x74,0x69,
    0x6f,0x6e,0x3b,0x0a,0x0a,0x76,0x6f,0x69,0x64,0x20,0x6d,0x61,0x69,0x6e,0x28,0x29,
    0x0a,0x7b,0x0a,0x20,0x20,0x20,0x20,0x67,0x6c,0x5f,0x50,0x6f,0x73,0x69,0x74,0x69,
    0x6f,0x6e,0x20,0x3d,0x20,0x6d,0x61,0x74,0x34,0x28,0x70,0x6f,0x73,0x5f,0x76,0x73,
    0x5f,0x70,0x61,0x72,0x61,0x6d,0x73,0x5b,0x30,0x5d,0x2c,0x20,0x70,0x6f,0x73,0x5f,
    0x76,0x73,0x5f,0x70,0x61,0x72,0x61,0x6d,0x73,0x5b,0x31,0x5d,0x2c,0x20,0x70,0x6f,
    0x73,0x5f,0x76,0x73,0x5f,0x70,0x61,0x72,0x61,0x6d,0x73,0x5b,0x32,0x5d,0x2c,0x20,
    0x70,0x6f,0x73,0x5f,0x76,0x73,0x5f,0x70,0x61,0x72,0x61,0x6d,0x73,0x5b,0x33,0x5d,
    0x29,0x20,0x2a,0x20,0x76,0x65,0x63,0x34,0x28,0x70,0x6f,0x73,0x69,0x74,0x69,0x6f,
    0x6e,0x2c,0x20,0x31,0x2e,0x30,0x29,0x3b,0x0a,0x7d,0x0a,0x0a,0x00,
};
/*
    #version 430

    void main()
    {
    }

*/
static const uint8_t oe_depth_fs_source_glsl430[32] = {
    0x23,0x76,0x65,0x72,0x73,0x69,0x6f,0x6e,0x20,0x34,0x33,0x30,0x0a,0x0a,0x76,0x6f,
    0x69,0x64,0x20,0x6d,0x61,0x69,0x6e,0x28,0x29,0x0a,0x7b,0x0a,0x7d,0x0a,0x0a,0x00,

};
/*
    #version 430

    uniform vec4 solid_params[1];
    layout(location = 0) out vec4 frag_color;

    void main()
    {
        frag_color = solid_params[0];
    }

*/
static const uint8_t oe_solid_fs_source_glsl430[139] = {
    0x23,0x76,0x65,0x72,0x73,0x69,0x6f,0x6e,0x20,0x34,0x33,0x30,0x0a,0x0a,0x75,0x6e,
    0x69,0x66,0x6f,0x72,0x6d,0x20,0x76,0x65,0x63,0x34,0x20,0x73,0x6f,0x6c,0x69,0x64,
    0x5f,0x70,0x61,0x72,0x61,0x6d,0x73,0x5b,0x31,0x5d,0x3b,0x0a,0x6c,0x61,0x79,0x6f,
    0x75,0x74,0x28,0x6c,0x6f,0x63,0x61,0x74,0x69,0x6f,0x6e,0x20,0x3d,0x20,0x30,0x29,
    0x20,0x6f,0x75,0x74,0x20,0x76,0x65,0x63,0x34,0x20,0x66,0x72,0x61,0x67,0x5f,0x63,
    0x6f,0x6c,0x6f,0x72,0x3b,0x0a,0x0a,0x76,0x6f,0x69,0x64,0x20,0x6d,0x61,0x69,0x6e,
    0x28,0x29,0x0a,0x7b,0x0a,0x20,0x20,0x20,0x20,0x66,0x72,0x61,0x67,0x5f,0x63,0x6f,
    0x6c,0x6f,0x72,0x20,0x3d,0x20,0x73,0x6f,0x6c,0x69,0x64,0x5f,0x70,0x61,0x72,0x61,
    0x6d,0x73,0x5b,0x30,0x5d,0x3b,0x0a,0x7d,0x0a,0x0a,0x00,
};
/*
    #version 430

    uniform vec4 line_params[4];
    layout(location = 0) in vec3 position;
    layout(location = 0) out vec4 v_color;
    layout(location = 1) in vec4 color0;

    void main()
    {
        gl_Position = mat4(line_params[0], line_params[1], line_params[2], line_params[3]) * vec4(position, 1.0);
        gl_Position.z -= (0.00019999999494757503271102905273438 * gl_Position.w);
        v_color = color0;
    }

*/
static const uint8_t oe_line_vs_source_glsl430[387] = {
    0x23,0x76,0x65,0x72,0x73,0x69,0x6f,0x6e,0x20,0x34,0x33,0x30,0x0a,0x0a,0x75,0x6e,
    0x69,0x66,0x6f,0x72,0x6d,0x20,0x76,0x65,0x63,0x34,0x20,0x6c,0x69,0x6e,0x65,0x5f,
    0x70,0x61,0x72,0x61,0x6d,0x73,0x5b,0x34,0x5d,0x3b,0x0a,0x6c,0x61,0x79,0x6f,0x75,
    0x74,0x28,0x6c,0x6f,0x63,0x61,0x74,0x69,0x6f,0x6e,0x20,0x3d,0x20,0x30,0x29,0x20,
    0x69,0x6e,0x20,0x76,0x65,0x63,0x33,0x20,0x70,0x6f,0x73,0x69,0x74,0x69,0x6f,0x6e,
    0x3b,0x0a,0x6c,0x61,0x79,0x6f,0x75,0x74,0x28,0x6c,0x6f,0x63,0x61,0x74,0x69,0x6f,
    0x6e,0x20,0x3d,0x20,0x30,0x29,0x20,0x6f,0x75,0x74,0x20,0x76,0x65,0x63,0x34,0x20,
    0x76,0x5f,0x63,0x6f,0x6c,0x6f,0x72,0x3b,0x0a,0x6c,0x61,0x79,0x6f,0x75,0x74,0x28,
    0x6c,0x6f,0x63,0x61,0x74,0x69,0x6f,0x6e,0x20,0x3d,0x20,0x31,0x29,0x20,0x69,0x6e,
    0x20,0x76,0x65,0x63,0x34,0x20,0x63,0x6f,0x6c,0x6f,0x72,0x30,0x3b,0x0a,0x0a,0x76,
    0x6f,0x69,0x64,0x20,0x6d,0x61,0x69,0x6e,0x28,0x29,0x0a,0x7b,0x0a,0x20,0x20,0x20,
    0x20,0x67,0x6c,0x5f,0x50,0x6f,0x73,0x69,0x74,0x69,0x6f,0x6e,0x20,0x3d,0x20,0x6d,
    0x61,0x74,0x34,0x28,0x6c,0x69,0x6e,0x65,0x5f,0x70,0x61,0x72,0x61,0x6d,0x73,0x5b,
    0x30,0x5d,0x2c,0x20,0x6c,0x69,0x6e,0x65,0x5f,0x70,0x61,0x72,0x61,0x6d,0x73,0x5b,
    0x31,0x5d,0x2c,0x20,0x6c,0x69,0x6e,0x65,0x5f,0x70,0x61,0x72,0x61,0x6d,0x73,0x5b,
    0x32,0x5d,0x2c,0x20,0x6c,0x69,0x6e,0x65,0x5f,0x70,0x61,0x72,0x61,0x6d,0x73,0x5b,
    0x33,0x5d,0x29,0x20,0x2a,0x20,0x76,0x65,0x63,0x34,0x28,0x70,0x6f,0x73,0x69,0x74,
    0x69,0x6f,0x6e,0x2c,0x20,0x31,0x2e,0x30,0x29,0x3b,0x0a,0x20,0x20,0x20,0x20,0x67,
    0x6c,0x5f,0x50,0x6f,0x73,0x69,0x74,0x69,0x6f,0x6e,0x2e,0x7a,0x20,0x2d,0x3d,0x20,
    0x28,0x30,0x2e,0x30,0x30,0x30,0x31,0x39,0x39,0x39,0x39,0x39,0x39,0x39,0x34,0x39,
    0x34,0x37,0x35,0x37,0x35,0x30,0x33,0x32,0x37,0x31,0x31,0x30,0x32,0x39,0x30,0x35,
    0x32,0x37,0x33,0x34,0x33,0x38,0x20,0x2a,0x20,0x67,0x6c,0x5f,0x50,0x6f,0x73,0x69,
    0x74,0x69,0x6f,0x6e,0x2e,0x77,0x29,0x3b,0x0a,0x20,0x20,0x20,0x20,0x76,0x5f,0x63,
    0x6f,0x6c,0x6f,0x72,0x20,0x3d,0x20,0x63,0x6f,0x6c,0x6f,0x72,0x30,0x3b,0x0a,0x7d,
    0x0a,0x0a,0x00,
};
/*
    #version 430

    uniform vec4 ui_params[1];
    layout(location = 0) in vec2 position;
    layout(location = 0) out vec4 v_color;
    layout(location = 1) in vec4 color0;

    void main()
    {
        gl_Position = vec4((position.x * ui_params[0].x) - 1.0, 1.0 - (position.y * ui_params[0].y), 0.0, 1.0);
        v_color = color0;
    }

*/
static const uint8_t oe_ui_vs_source_glsl430[305] = {
    0x23,0x76,0x65,0x72,0x73,0x69,0x6f,0x6e,0x20,0x34,0x33,0x30,0x0a,0x0a,0x75,0x6e,
    0x69,0x66,0x6f,0x72,0x6d,0x20,0x76,0x65,0x63,0x34,0x20,0x75,0x69,0x5f,0x70,0x61,
    0x72,0x61,0x6d,0x73,0x5b,0x31,0x5d,0x3b,0x0a,0x6c,0x61,0x79,0x6f,0x75,0x74,0x28,
    0x6c,0x6f,0x63,0x61,0x74,0x69,0x6f,0x6e,0x20,0x3d,0x20,0x30,0x29,0x20,0x69,0x6e,
    0x20,0x76,0x65,0x63,0x32,0x20,0x70,0x6f,0x73,0x69,0x74,0x69,0x6f,0x6e,0x3b,0x0a,
    0x6c,0x61,0x79,0x6f,0x75,0x74,0x28,0x6c,0x6f,0x63,0x61,0x74,0x69,0x6f,0x6e,0x20,
    0x3d,0x20,0x30,0x29,0x20,0x6f,0x75,0x74,0x20,0x76,0x65,0x63,0x34,0x20,0x76,0x5f,
    0x63,0x6f,0x6c,0x6f,0x72,0x3b,0x0a,0x6c,0x61,0x79,0x6f,0x75,0x74,0x28,0x6c,0x6f,
    0x63,0x61,0x74,0x69,0x6f,0x6e,0x20,0x3d,0x20,0x31,0x29,0x20,0x69,0x6e,0x20,0x76,
    0x65,0x63,0x34,0x20,0x63,0x6f,0x6c,0x6f,0x72,0x30,0x3b,0x0a,0x0a,0x76,0x6f,0x69,
    0x64,0x20,0x6d,0x61,0x69,0x6e,0x28,0x29,0x0a,0x7b,0x0a,0x20,0x20,0x20,0x20,0x67,
    0x6c,0x5f,0x50,0x6f,0x73,0x69,0x74,0x69,0x6f,0x6e,0x20,0x3d,0x20,0x76,0x65,0x63,
    0x34,0x28,0x28,0x70,0x6f,0x73,0x69,0x74,0x69,0x6f,0x6e,0x2e,0x78,0x20,0x2a,0x20,
    0x75,0x69,0x5f,0x70,0x61,0x72,0x61,0x6d,0x73,0x5b,0x30,0x5d,0x2e,0x78,0x29,0x20,
    0x2d,0x20,0x31,0x2e,0x30,0x2c,0x20,0x31,0x2e,0x30,0x20,0x2d,0x20,0x28,0x70,0x6f,
    0x73,0x69,0x74,0x69,0x6f,0x6e,0x2e,0x79,0x20,0x2a,0x20,0x75,0x69,0x5f,0x70,0x61,
    0x72,0x61,0x6d,0x73,0x5b,0x30,0x5d,0x2e,0x79,0x29,0x2c,0x20,0x30,0x2e,0x30,0x2c,
    0x20,0x31,0x2e,0x30,0x29,0x3b,0x0a,0x20,0x20,0x20,0x20,0x76,0x5f,0x63,0x6f,0x6c,
    0x6f,0x72,0x20,0x3d,0x20,0x63,0x6f,0x6c,0x6f,0x72,0x30,0x3b,0x0a,0x7d,0x0a,0x0a,
    0x00,
};
/*
    #version 430

    layout(location = 0) out vec4 frag_color;
    layout(location = 0) in vec4 v_color;

    void main()
    {
        frag_color = v_color;
    }

*/
static const uint8_t oe_color_fs_source_glsl430[139] = {
    0x23,0x76,0x65,0x72,0x73,0x69,0x6f,0x6e,0x20,0x34,0x33,0x30,0x0a,0x0a,0x6c,0x61,
    0x79,0x6f,0x75,0x74,0x28,0x6c,0x6f,0x63,0x61,0x74,0x69,0x6f,0x6e,0x20,0x3d,0x20,
    0x30,0x29,0x20,0x6f,0x75,0x74,0x20,0x76,0x65,0x63,0x34,0x20,0x66,0x72,0x61,0x67,
    0x5f,0x63,0x6f,0x6c,0x6f,0x72,0x3b,0x0a,0x6c,0x61,0x79,0x6f,0x75,0x74,0x28,0x6c,
    0x6f,0x63,0x61,0x74,0x69,0x6f,0x6e,0x20,0x3d,0x20,0x30,0x29,0x20,0x69,0x6e,0x20,
    0x76,0x65,0x63,0x34,0x20,0x76,0x5f,0x63,0x6f,0x6c,0x6f,0x72,0x3b,0x0a,0x0a,0x76,
    0x6f,0x69,0x64,0x20,0x6d,0x61,0x69,0x6e,0x28,0x29,0x0a,0x7b,0x0a,0x20,0x20,0x20,
    0x20,0x66,0x72,0x61,0x67,0x5f,0x63,0x6f,0x6c,0x6f,0x72,0x20,0x3d,0x20,0x76,0x5f,
    0x63,0x6f,0x6c,0x6f,0x72,0x3b,0x0a,0x7d,0x0a,0x0a,0x00,
};
/*
    #version 430

    void main()
    {
        gl_Position = vec4((vec2(float((gl_VertexID << 1) & 2), float(gl_VertexID & 2)) * 2.0) - vec2(1.0), 0.0, 1.0);
    }

*/
static const uint8_t oe_fsq_vs_source_glsl430[147] = {
    0x23,0x76,0x65,0x72,0x73,0x69,0x6f,0x6e,0x20,0x34,0x33,0x30,0x0a,0x0a,0x76,0x6f,
    0x69,0x64,0x20,0x6d,0x61,0x69,0x6e,0x28,0x29,0x0a,0x7b,0x0a,0x20,0x20,0x20,0x20,
    0x67,0x6c,0x5f,0x50,0x6f,0x73,0x69,0x74,0x69,0x6f,0x6e,0x20,0x3d,0x20,0x76,0x65,
    0x63,0x34,0x28,0x28,0x76,0x65,0x63,0x32,0x28,0x66,0x6c,0x6f,0x61,0x74,0x28,0x28,
    0x67,0x6c,0x5f,0x56,0x65,0x72,0x74,0x65,0x78,0x49,0x44,0x20,0x3c,0x3c,0x20,0x31,
    0x29,0x20,0x26,0x20,0x32,0x29,0x2c,0x20,0x66,0x6c,0x6f,0x61,0x74,0x28,0x67,0x6c,
    0x5f,0x56,0x65,0x72,0x74,0x65,0x78,0x49,0x44,0x20,0x26,0x20,0x32,0x29,0x29,0x20,
    0x2a,0x20,0x32,0x2e,0x30,0x29,0x20,0x2d,0x20,0x76,0x65,0x63,0x32,0x28,0x31,0x2e,
    0x30,0x29,0x2c,0x20,0x30,0x2e,0x30,0x2c,0x20,0x31,0x2e,0x30,0x29,0x3b,0x0a,0x7d,
    0x0a,0x0a,0x00,
};
/*
    #version 430

    uniform vec4 composite_params[2];
    layout(binding = 0) uniform sampler2D scene_tex_scene_smp;
    layout(binding = 1) uniform sampler2D mask_tex_mask_smp;

    layout(location = 0) out vec4 frag_color;

    void main()
    {
        vec2 _24 = gl_FragCoord.xy / composite_params[0].xy;
        vec3 c = texture(scene_tex_scene_smp, _24).xyz;
        if (composite_params[1].w > 0.0)
        {
            ivec2 _61 = textureSize(mask_tex_mask_smp, 0);
            ivec2 _67 = ivec2(_24 * vec2(_61));
            if (texelFetch(mask_tex_mask_smp, _67, 0).x < 0.5)
            {
                bool edge = false;
                for (int dy = -2; dy <= 2; dy++)
                {
                    for (int dx = -2; dx <= 2; dx++)
                    {
                        bool _125;
                        if (!edge)
                        {
                            _125 = texelFetch(mask_tex_mask_smp, clamp(_67 + ivec2(dx, dy), ivec2(0), _61 - ivec2(1)), 0).x > 0.5;
                        }
                        else
                        {
                            _125 = edge;
                        }
                        edge = _125;
                    }
                }
                if (edge)
                {
                    c = composite_params[1].xyz;
                }
            }
        }
        frag_color = vec4(c, 1.0);
    }

*/
static const uint8_t oe_composite_fs_source_glsl430[1249] = {
    0x23,0x76,0x65,0x72,0x73,0x69,0x6f,0x6e,0x20,0x34,0x33,0x30,0x0a,0x0a,0x75,0x6e,
    0x69,0x66,0x6f,0x72,0x6d,0x20,0x76,0x65,0x63,0x34,0x20,0x63,0x6f,0x6d,0x70,0x6f,
    0x73,0x69,0x74,0x65,0x5f,0x70,0x61,0x72,0x61,0x6d,0x73,0x5b,0x32,0x5d,0x3b,0x0a,
    0x6c,0x61,0x79,0x6f,0x75,0x74,0x28,0x62,0x69,0x6e,0x64,0x69,0x6e,0x67,0x20,0x3d,
    0x20,0x30,0x29,0x20,0x75,0x6e,0x69,0x66,0x6f,0x72,0x6d,0x20,0x73,0x61,0x6d,0x70,
    0x6c,0x65,0x72,0x32,0x44,0x20,0x73,0x63,0x65,0x6e,0x65,0x5f,0x74,0x65,0x78,0x5f,
    0x73,0x63,0x65,0x6e,0x65,0x5f,0x73,0x6d,0x70,0x3b,0x0a,0x6c,0x61,0x79,0x6f,0x75,
    0x74,0x28,0x62,0x69,0x6e,0x64,0x69,0x6e,0x67,0x20,0x3d,0x20,0x31,0x29,0x20,0x75,
    0x6e,0x69,0x66,0x6f,0x72,0x6d,0x20,0x73,0x61,0x6d,0x70,0x6c,0x65,0x72,0x32,0x44,
    0x20,0x6d,0x61,0x73,0x6b,0x5f,0x74,0x65,0x78,0x5f,0x6d,0x61,0x73,0x6b,0x5f,0x73,
    0x6d,0x70,0x3b,0x0a,0x0a,0x6c,0x61,0x79,0x6f,0x75,0x74,0x28,0x6c,0x6f,0x63,0x61,
    0x74,0x69,0x6f,0x6e,0x20,0x3d,0x20,0x30,0x29,0x20,0x6f,0x75,0x74,0x20,0x76,0x65,
    0x63,0x34,0x20,0x66,0x72,0x61,0x67,0x5f,0x63,0x6f,0x6c,0x6f,0x72,0x3b,0x0a,0x0a,
    0x76,0x6f,0x69,0x64,0x20,0x6d,0x61,0x69,0x6e,0x28,0x29,0x0a,0x7b,0x0a,0x20,0x20,
    0x20,0x20,0x76,0x65,0x63,0x32,0x20,0x5f,0x32,0x34,0x20,0x3d,0x20,0x67,0x6c,0x5f,
    0x46,0x72,0x61,0x67,0x43,0x6f,0x6f,0x72,0x64,0x2e,0x78,0x79,0x20,0x2f,0x20,0x63,
    0x6f,0x6d,0x70,0x6f,0x73,0x69,0x74,0x65,0x5f,0x70,0x61,0x72,0x61,0x6d,0x73,0x5b,
    0x30,0x5d,0x2e,0x78,0x79,0x3b,0x0a,0x20,0x20,0x20,0x20,0x76,0x65,0x63,0x33,0x20,
    0x63,0x20,0x3d,0x20,0x74,0x65,0x78,0x74,0x75,0x72,0x65,0x28,0x73,0x63,0x65,0x6e,
    0x65,0x5f,0x74,0x65,0x78,0x5f,0x73,0x63,0x65,0x6e,0x65,0x5f,0x73,0x6d,0x70,0x2c,
    0x20,0x5f,0x32,0x34,0x29,0x2e,0x78,0x79,0x7a,0x3b,0x0a,0x20,0x20,0x20,0x20,0x69,
    0x66,0x20,0x28,0x63,0x6f,0x6d,0x70,0x6f,0x73,0x69,0x74,0x65,0x5f,0x70,0x61,0x72,
    0x61,0x6d,0x73,0x5b,0x31,0x5d,0x2e,0x77,0x20,0x3e,0x20,0x30,0x2e,0x30,0x29,0x0a,
    0x20,0x20,0x20,0x20,0x7b,0x0a,0x20,0x20,0x20,0x20,0x20,0x20,0x20,0x20,0x69,0x76,
    0x65,0x63,0x32,0x20,0x5f,0x36,0x31,0x20,0x3d,0x20,0x74,0x65,0x78,0x74,0x75,0x72,
    0x65,0x53,0x69,0x7a,0x65,0x28,0x6d,0x61,0x73,0x6b,0x5f,0x74,0x65,0x78,0x5f,0x6d,
    0x61,0x73,0x6b,0x5f,0x73,0x6d,0x70,0x2c,0x20,0x30,0x29,0x3b,0x0a,0x20,0x20,0x20,
    0x20,0x20,0x20,0x20,0x20,0x69,0x76,0x65,0x63,0x32,0x20,0x5f,0x36,0x37,0x20,0x3d,
    0x20,0x69,0x76,0x65,0x63,0x32,0x28,0x5f,0x32,0x34,0x20,0x2a,0x20,0x76,0x65,0x63,
    0x32,0x28,0x5f,0x36,0x31,0x29,0x29,0x3b,0x0a,0x20,0x20,0x20,0x20,0x20,0x20,0x20,
    0x20,0x69,0x66,0x20,0x28,0x74,0x65,0x78,0x65,0x6c,0x46,0x65,0x74,0x63,0x68,0x28,
    0x6d,0x61,0x73,0x6b,0x5f,0x74,0x65,0x78,0x5f,0x6d,0x61,0x73,0x6b,0x5f,0x73,0x6d,
    0x70,0x2c,0x20,0x5f,0x36,0x37,0x2c,0x20,0x30,0x29,0x2e,0x78,0x20,0x3c,0x20,0x30,
    0x2e,0x35,0x29,0x0a,0x20,0x20,0x20,0x20,0x20,0x20,0x20,0x20,0x7b,0x0a,0x20,0x20,
    0x20,0x20,0x20,0x20,0x20,0x20,0x20,0x20,0x20,0x20,0x62,0x6f,0x6f,0x6c,0x20,0x65,
    0x64,0x67,0x65,0x20,0x3d,0x20,0x66,0x61,0x6c,0x73,0x65,0x3b,0x0a,0x20,0x20,0x20,
    0x20,0x20,0x20,0x20,0x20,0x20,0x20,0x20,0x20,0x66,0x6f,0x72,0x20,0x28,0x69,0x6e,
    0x74,0x20,0x64,0x79,0x20,0x3d,0x20,0x2d,0x32,0x3b,0x20,0x64,0x79,0x20,0x3c,0x3d,
    0x20,0x32,0x3b,0x20,0x64,0x79,0x2b,0x2b,0x29,0x0a,0x20,0x20,0x20,0x20,0x20,0x20,
    0x20,0x20,0x20,0x20,0x20,0x20,0x7b,0x0a,0x20,0x20,0x20,0x20,0x20,0x20,0x20,0x20,
    0x20,0x20,0x20,0x20,0x20,0x20,0x20,0x20,0x66,0x6f,0x72,0x20,0x28,0x69,0x6e,0x74,
    0x20,0x64,0x78,0x20,0x3d,0x20,0x2d,0x32,0x3b,0x20,0x64,0x78,0x20,0x3c,0x3d,0x20,
    0x32,0x3b,0x20,0x64,0x78,0x2b,0x2b,0x29,0x0a,0x20,0x20,0x20,0x20,0x20,0x20,0x20,
    0x20,0x20,0x20,0x20,0x20,0x20,0x20,0x20,0x20,0x7b,0x0a,0x20,0x20,0x20,0x20,0x20,
    0x20,0x20,0x20,0x20,0x20,0x20,0x20,0x20,0x20,0x20,0x20,0x20,0x20,0x20,0x20,0x62,
    0x6f,0x6f,0x6c,0x20,0x5f,0x31,0x32,0x35,0x3b,0x0a,0x20,0x20,0x20,0x20,0x20,0x20,
    0x20,0x20,0x20,0x20,0x20,0x20,0x20,0x20,0x20,0x20,0x20,0x20,0x20,0x20,0x69,0x66,
    0x20,0x28,0x21,0x65,0x64,0x67,0x65,0x29,0x0a,0x20,0x20,0x20,0x20,0x20,0x20,0x20,
    0x20,0x20,0x20,0x20,0x20,0x20,0x20,0x20,0x20,0x20,0x20,0x20,0x20,0x7b,0x0a,0x20,
    0x20,0x20,0x20,0x20,0x20,0x20,0x20,0x20,0x20,0x20,0x20,0x20,0x20,0x20,0x20,0x20,
    0x20,0x20,0x20,0x20,0x20,0x20,0x20,0x5f,0x31,0x32,0x35,0x20,0x3d,0x20,0x74,0x65,
    0x78,0x65,0x6c,0x46,0x65,0x74,0x63,0x68,0x28,0x6d,0x61,0x73,0x6b,0x5f,0x74,0x65,
    0x78,0x5f,0x6d,0x61,0x73,0x6b,0x5f,0x73,0x6d,0x70,0x2c,0x20,0x63,0x6c,0x61,0x6d,
    0x70,0x28,0x5f,0x36,0x37,0x20,0x2b,0x20,0x69,0x76,0x65,0x63,0x32,0x28,0x64,0x78,
    0x2c,0x20,0x64,0x79,0x29,0x2c,0x20,0x69,0x76,0x65,0x63,0x32,0x28,0x30,0x29,0x2c,
    0x20,0x5f,0x36,0x31,0x20,0x2d,0x20,0x69,0x76,0x65,0x63,0x32,0x28,0x31,0x29,0x29,
    0x2c,0x20,0x30,0x29,0x2e,0x78,0x20,0x3e,0x20,0x30,0x2e,0x35,0x3b,0x0a,0x20,0x20,
    0x20,0x20,0x20,0x20,0x20,0x20,0x20,0x20,0x20,0x20,0x20,0x20,0x20,0x20,0x20,0x20,
    0x20,0x20,0x7d,0x0a,0x20,0x20,0x20,0x20,0x20,0x20,0x20,0x20,0x20,0x20,0x20,0x20,
    0x20,0x20,0x20,0x20,0x20,0x20,0x20,0x20,0x65,0x6c,0x73,0x65,0x0a,0x20,0x20,0x20,
    0x20,0x20,0x20,0x20,0x20,0x20,0x20,0x20,0x20,0x20,0x20,0x20,0x20,0x20,0x20,0x20,
    0x20,0x7b,0x0a,0x20,0x20,0x20,0x20,0x20,0x20,0x20,0x20,0x20,0x20,0x20,0x20,0x20,
    0x20,0x20,0x20,0x20,0x20,0x20,0x20,0x20,0x20,0x20,0x20,0x5f,0x31,0x32,0x35,0x20,
    0x3d,0x20,0x65,0x64,0x67,0x65,0x3b,0x0a,0x20,0x20,0x20,0x20,0x20,0x20,0x20,0x20,
    0x20,0x20,0x20,0x20,0x20,0x20,0x20,0x20,0x20,0x20,0x20,0x20,0x7d,0x0a,0x20,0x20,
    0x20,0x20,0x20,0x20,0x20,0x20,0x20,0x20,0x20,0x20,0x20,0x20,0x20,0x20,0x20,0x20,
    0x20,0x20,0x65,0x64,0x67,0x65,0x20,0x3d,0x20,0x5f,0x31,0x32,0x35,0x3b,0x0a,0x20,
    0x20,0x20,0x20,0x20,0x20,0x20,0x20,0x20,0x20,0x20,0x20,0x20,0x20,0x20,0x20,0x7d,
    0x0a,0x20,0x20,0x20,0x20,0x20,0x20,0x20,0x20,0x20,0x20,0x20,0x20,0x7d,0x0a,0x20,
    0x20,0x20,0x20,0x20,0x20,0x20,0x20,0x20,0x20,0x20,0x20,0x69,0x66,0x20,0x28,0x65,
    0x64,0x67,0x65,0x29,0x0a,0x20,0x20,0x20,0x20,0x20,0x20,0x20,0x20,0x20,0x20,0x20,
    0x20,0x7b,0x0a,0x20,0x20,0x20,0x20,0x20,0x20,0x20,0x20,0x20,0x20,0x20,0x20,0x20,
    0x20,0x20,0x20,0x63,0x20,0x3d,0x20,0x63,0x6f,0x6d,0x70,0x6f,0x73,0x69,0x74,0x65,
    0x5f,0x70,0x61,0x72,0x61,0x6d,0x73,0x5b,0x31,0x5d,0x2e,0x78,0x79,0x7a,0x3b,0x0a,
    0x20,0x20,0x20,0x20,0x20,0x20,0x20,0x20,0x20,0x20,0x20,0x20,0x7d,0x0a,0x20,0x20,
    0x20,0x20,0x20,0x20,0x20,0x20,0x7d,0x0a,0x20,0x20,0x20,0x20,0x7d,0x0a,0x20,0x20,
    0x20,0x20,0x66,0x72,0x61,0x67,0x5f,0x63,0x6f,0x6c,0x6f,0x72,0x20,0x3d,0x20,0x76,
    0x65,0x63,0x34,0x28,0x63,0x2c,0x20,0x31,0x2e,0x30,0x29,0x3b,0x0a,0x7d,0x0a,0x0a,
    0x00,
};
/*
    #version 300 es

    uniform vec4 mesh_vs_params[12];
    layout(location = 0) in vec3 position;
    out vec3 v_wpos;
    out vec3 v_nrm;
    layout(location = 1) in vec3 normal;
    out vec2 v_uv;
    layout(location = 2) in vec2 texcoord;

    void main()
    {
        vec4 _28 = mat4(mesh_vs_params[4], mesh_vs_params[5], mesh_vs_params[6], mesh_vs_params[7]) * vec4(position, 1.0);
        v_wpos = _28.xyz;
        v_nrm = (mat4(mesh_vs_params[8], mesh_vs_params[9], mesh_vs_params[10], mesh_vs_params[11]) * vec4(normal, 0.0)).xyz;
        v_uv = texcoord;
        gl_Position = mat4(mesh_vs_params[0], mesh_vs_params[1], mesh_vs_params[2], mesh_vs_params[3]) * _28;
    }

*/
static const uint8_t oe_mesh_vs_source_glsl300es[622] = {
    0x23,0x76,0x65,0x72,0x73,0x69,0x6f,0x6e,0x20,0x33,0x30,0x30,0x20,0x65,0x73,0x0a,
    0x0a,0x75,0x6e,0x69,0x66,0x6f,0x72,0x6d,0x20,0x76,0x65,0x63,0x34,0x20,0x6d,0x65,
    0x73,0x68,0x5f,0x76,0x73,0x5f,0x70,0x61,0x72,0x61,0x6d,0x73,0x5b,0x31,0x32,0x5d,
    0x3b,0x0a,0x6c,0x61,0x79,0x6f,0x75,0x74,0x28,0x6c,0x6f,0x63,0x61,0x74,0x69,0x6f,
    0x6e,0x20,0x3d,0x20,0x30,0x29,0x20,0x69,0x6e,0x20,0x76,0x65,0x63,0x33,0x20,0x70,
    0x6f,0x73,0x69,0x74,0x69,0x6f,0x6e,0x3b,0x0a,0x6f,0x75,0x74,0x20,0x76,0x65,0x63,
    0x33,0x20,0x76,0x5f,0x77,0x70,0x6f,0x73,0x3b,0x0a,0x6f,0x75,0x74,0x20,0x76,0x65,
    0x63,0x33,0x20,0x76,0x5f,0x6e,0x72,0x6d,0x3b,0x0a,0x6c,0x61,0x79,0x6f,0x75,0x74,
    0x28,0x6c,0x6f,0x63,0x61,0x74,0x69,0x6f,0x6e,0x20,0x3d,0x20,0x31,0x29,0x20,0x69,
    0x6e,0x20,0x76,0x65,0x63,0x33,0x20,0x6e,0x6f,0x72,0x6d,0x61,0x6c,0x3b,0x0a,0x6f,
    0x75,0x74,0x20,0x76,0x65,0x63,0x32,0x20,0x76,0x5f,0x75,0x76,0x3b,0x0a,0x6c,0x61,
    0x79,0x6f,0x75,0x74,0x28,0x6c,0x6f,0x63,0x61,0x74,0x69,0x6f,0x6e,0x20,0x3d,0x20,
    0x32,0x29,0x20,0x69,0x6e,0x20,0x76,0x65,0x63,0x32,0x20,0x74,0x65,0x78,0x63,0x6f,
    0x6f,0x72,0x64,0x3b,0x0a,0x0a,0x76,0x6f,0x69,0x64,0x20,0x6d,0x61,0x69,0x6e,0x28,
    0x29,0x0a,0x7b,0x0a,0x20,0x20,0x20,0x20,0x76,0x65,0x63,0x34,0x20,0x5f,0x32,0x38,
    0x20,0x3d,0x20,0x6d,0x61,0x74,0x34,0x28,0x6d,0x65,0x73,0x68,0x5f,0x76,0x73,0x5f,
    0x70,0x61,0x72,0x61,0x6d,0x73,0x5b,0x34,0x5d,0x2c,0x20,0x6d,0x65,0x73,0x68,0x5f,
    0x76,0x73,0x5f,0x70,0x61,0x72,0x61,0x6d,0x73,0x5b,0x35,0x5d,0x2c,0x20,0x6d,0x65,
    0x73,0x68,0x5f,0x76,0x73,0x5f,0x70,0x61,0x72,0x61,0x6d,0x73,0x5b,0x36,0x5d,0x2c,
    0x20,0x6d,0x65,0x73,0x68,0x5f,0x76,0x73,0x5f,0x70,0x61,0x72,0x61,0x6d,0x73,0x5b,
    0x37,0x5d,0x29,0x20,0x2a,0x20,0x76,0x65,0x63,0x34,0x28,0x70,0x6f,0x73,0x69,0x74,
    0x69,0x6f,0x6e,0x2c,0x20,0x31,0x2e,0x30,0x29,0x3b,0x0a,0x20,0x20,0x20,0x20,0x76,
    0x5f,0x77,0x70,0x6f,0x73,0x20,0x3d,0x20,0x5f,0x32,0x38,0x2e,0x78,0x79,0x7a,0x3b,
    0x0a,0x20,0x20,0x20,0x20,0x76,0x5f,0x6e,0x72,0x6d,0x20,0x3d,0x20,0x28,0x6d,0x61,
    0x74,0x34,0x28,0x6d,0x65,0x73,0x68,0x5f,0x76,0x73,0x5f,0x70,0x61,0x72,0x61,0x6d,
    0x73,0x5b,0x38,0x5d,0x2c,0x20,0x6d,0x65,0x73,0x68,0x5f,0x76,0x73,0x5f,0x70,0x61,
    0x72,0x61,0x6d,0x73,0x5b,0x39,0x5d,0x2c,0x20,0x6d,0x65,0x73,0x68,0x5f,0x76,0x73,
    0x5f,0x70,0x61,0x72,0x61,0x6d,0x73,0x5b,0x31,0x30,0x5d,0x2c,0x20,0x6d,0x65,0x73,
    0x68,0x5f,0x76,0x73,0x5f,0x70,0x61,0x72,0x61,0x6d,0x73,0x5b,0x31,0x31,0x5d,0x29,
    0x20,0x2a,0x20,0x76,0x65,0x63,0x34,0x28,0x6e,0x6f,0x72,0x6d,0x61,0x6c,0x2c,0x20,
    0x30,0x2e,0x30,0x29,0x29,0x2e,0x78,0x79,0x7a,0x3b,0x0a,0x20,0x20,0x20,0x20,0x76,
    0x5f,0x75,0x76,0x20,0x3d,0x20,0x74,0x65,0x78,0x63,0x6f,0x6f,0x72,0x64,0x3b,0x0a,
    0x20,0x20,0x20,0x20,0x67,0x6c,0x5f,0x50,0x6f,0x73,0x69,0x74,0x69,0x6f,0x6e,0x20,
    0x3d,0x20,0x6d,0x61,0x74,0x34,0x28,0x6d,0x65,0x73,0x68,0x5f,0x76,0x73,0x5f,0x70,
    0x61,0x72,0x61,0x6d,0x73,0x5b,0x30,0x5d,0x2c,0x20,0x6d,0x65,0x73,0x68,0x5f,0x76,
    0x73,0x5f,0x70,0x61,0x72,0x61,0x6d,0x73,0x5b,0x31,0x5d,0x2c,0x20,0x6d,0x65,0x73,
    0x68,0x5f,0x76,0x73,0x5f,0x70,0x61,0x72,0x61,0x6d,0x73,0x5b,0x32,0x5d,0x2c,0x20,
    0x6d,0x65,0x73,0x68,0x5f,0x76,0x73,0x5f,0x70,0x61,0x72,0x61,0x6d,0x73,0x5b,0x33,
    0x5d,0x29,0x20,0x2a,0x20,0x5f,0x32,0x38,0x3b,0x0a,0x7d,0x0a,0x0a,0x00,
};
/*
    #version 300 es
    precision mediump float;
    precision highp int;

    uniform highp vec4 mesh_lights[47];
    uniform highp vec4 mesh_material[2];
    uniform highp sampler2D base_tex_base_smp;
    uniform highp sampler2DShadow shadow_tex_shadow_smp;

    in highp vec2 v_uv;
    layout(location = 0) out highp vec4 frag_color;
    in highp vec3 v_nrm;
    in highp vec3 v_wpos;

    highp float shadow_lit(highp vec3 wpos, highp vec3 n)
    {
        highp vec4 _49 = mat4(mesh_lights[0], mesh_lights[1], mesh_lights[2], mesh_lights[3]) * vec4(wpos + (n * (mesh_lights[6].x * 1.5)), 1.0);
        highp vec3 _58 = _49.xyz / vec3(_49.w);
        highp float _66 = (_58.x * 0.5) + 0.5;
        highp float _72 = (_58.y * 0.5) + 0.5;
        highp vec2 _394 = vec2(_66, _72);
        highp float _79 = (_58.z * 0.5) + 0.5;
        bool _84 = _66 < 0.0;
        bool _91;
        if (!_84)
        {
            _91 = _66 > 1.0;
        }
        else
        {
            _91 = _84;
        }
        bool _98;
        if (!_91)
        {
            _98 = _72 < 0.0;
        }
        else
        {
            _98 = _91;
        }
        bool _105;
        if (!_98)
        {
            _105 = _72 > 1.0;
        }
        else
        {
            _105 = _98;
        }
        if (_105 || (_79 > 1.0))
        {
            return 1.0;
        }
        highp float lit = 0.0;
        for (int dy = -1; dy <= 1; dy++)
        {
            for (int dx = -1; dx <= 1; dx++)
            {
                highp float _158 = _79 - mesh_lights[6].z;
                lit += texture(shadow_tex_shadow_smp, vec3(vec3(_394 + (vec2(float(dx), float(dy)) * mesh_lights[6].y), _158).xy, _158));
            }
        }
        return 1.0 - (mesh_lights[5].w * (1.0 - (lit * 0.111111111938953399658203125)));
    }

    void main()
    {
        highp vec3 base = mesh_material[0].xyz;
        if (mesh_material[1].y > 0.5)
        {
            base *= texture(base_tex_base_smp, v_uv).xyz;
        }
        if (mesh_material[1].x > 0.5)
        {
            frag_color = vec4(clamp(base, vec3(0.0), vec3(1.0)), 1.0);
            return;
        }
        highp vec3 _227 = normalize(v_nrm);
        highp vec3 light = mesh_lights[4].xyz;
        int _235 = int(mesh_lights[5].x);
        highp float _274;
        for (int i = 0; i < 4; i++)
        {
            if (i >= _235)
            {
                break;
            }
            highp float _259 = max(0.0, dot(_227, -mesh_lights[i * 1 + 7].xyz));
            if (_259 <= 0.0)
            {
                continue;
            }
            bool _267 = i == 0;
            bool _273;
            if (_267)
            {
                _273 = mesh_lights[5].z > 0.5;
            }
            else
            {
                _273 = _267;
            }
            if (_273)
            {
                highp vec3 param = v_wpos;
                highp vec3 param_1 = _227;
                _274 = shadow_lit(param, param_1);
            }
            else
            {
                _274 = 1.0;
            }
            light += (mesh_lights[i * 1 + 11].xyz * (_259 * _274));
        }
        int _301 = int(mesh_lights[5].y);
        for (int i_1 = 0; i_1 < 16; i_1++)
        {
            if (i_1 >= _301)
            {
                break;
            }
            highp vec3 _324 = mesh_lights[i_1 * 1 + 15].xyz - v_wpos;
            highp float _327 = length(_324);
            if ((_327 >= mesh_lights[i_1 * 1 + 15].w) || (_327 < 9.9999997473787516355514526367188e-06))
            {
                continue;
            }
            highp float _354 = 1.0 - (_327 / mesh_lights[i_1 * 1 + 15].w);
            light += (mesh_lights[i_1 * 1 + 31].xyz * ((max(0.0, dot(_227, _324 / vec3(_327))) * _354) * _354));
        }
        frag_color = vec4(clamp(base * light, vec3(0.0), vec3(1.0)), 1.0);
    }

*/
static const uint8_t oe_mesh_fs_source_glsl300es[3381] = {
    0x23,0x76,0x65,0x72,0x73,0x69,0x6f,0x6e,0x20,0x33,0x30,0x30,0x20,0x65,0x73,0x0a,
    0x70,0x72,0x65,0x63,0x69,0x73,0x69,0x6f,0x6e,0x20,0x6d,0x65,0x64,0x69,0x75,0x6d,
    0x70,0x20,0x66,0x6c,0x6f,0x61,0x74,0x3b,0x0a,0x70,0x72,0x65,0x63,0x69,0x73,0x69,
    0x6f,0x6e,0x20,0x68,0x69,0x67,0x68,0x70,0x20,0x69,0x6e,0x74,0x3b,0x0a,0x0a,0x75,
    0x6e,0x69,0x66,0x6f,0x72,0x6d,0x20,0x68,0x69,0x67,0x68,0x70,0x20,0x76,0x65,0x63,
    0x34,0x20,0x6d,0x65,0x73,0x68,0x5f,0x6c,0x69,0x67,0x68,0x74,0x73,0x5b,0x34,0x37,
    0x5d,0x3b,0x0a,0x75,0x6e,0x69,0x66,0x6f,0x72,0x6d,0x20,0x68,0x69,0x67,0x68,0x70,
    0x20,0x76,0x65,0x63,0x34,0x20,0x6d,0x65,0x73,0x68,0x5f,0x6d,0x61,0x74,0x65,0x72,
    0x69,0x61,0x6c,0x5b,0x32,0x5d,0x3b,0x0a,0x75,0x6e,0x69,0x66,0x6f,0x72,0x6d,0x20,
    0x68,0x69,0x67,0x68,0x70,0x20,0x73,0x61,0x6d,0x70,0x6c,0x65,0x72,0x32,0x44,0x20,
    0x62,0x61,0x73,0x65,0x5f,0x74,0x65,0x78,0x5f,0x62,0x61,0x73,0x65,0x5f,0x73,0x6d,
    0x70,0x3b,0x0a,0x75,0x6e,0x69,0x66,0x6f,0x72,0x6d,0x20,0x68,0x69,0x67,0x68,0x70,
    0x20,0x73,0x61,0x6d,0x70,0x6c,0x65,0x72,0x32,0x44,0x53,0x68,0x61,0x64,0x6f,0x77,
    0x20,0x73,0x68,0x61,0x64,0x6f,0x77,0x5f,0x74,0x65,0x78,0x5f,0x73,0x68,0x61,0x64,
    0x6f,0x77,0x5f,0x73,0x6d,0x70,0x3b,0x0a,0x0a,0x69,0x6e,0x20,0x68,0x69,0x67,0x68,
    0x70,0x20,0x76,0x65,0x63,0x32,0x20,0x76,0x5f,0x75,0x76,0x3b,0x0a,0x6c,0x61,0x79,
    0x6f,0x75,0x74,0x28,0x6c,0x6f,0x63,0x61,0x74,0x69,0x6f,0x6e,0x20,0x3d,0x20,0x30,
    0x29,0x20,0x6f,0x75,0x74,0x20,0x68,0x69,0x67,0x68,0x70,0x20,0x76,0x65,0x63,0x34,
    0x20,0x66,0x72,0x61,0x67,0x5f,0x63,0x6f,0x6c,0x6f,0x72,0x3b,0x0a,0x69,0x6e,0x20,
    0x68,0x69,0x67,0x68,0x70,0x20,0x76,0x65,0x63,0x33,0x20,0x76,0x5f,0x6e,0x72,0x6d,
    0x3b,0x0a,0x69,0x6e,0x20,0x68,0x69,0x67,0x68,0x70,0x20,0x76,0x65,0x63,0x33,0x20,
    0x76,0x5f,0x77,0x70,0x6f,0x73,0x3b,0x0a,0x0a,0x68,0x69,0x67,0x68,0x70,0x20,0x66,
    0x6c,0x6f,0x61,0x74,0x20,0x73,0x68,0x61,0x64,0x6f,0x77,0x5f,0x6c,0x69,0x74,0x28,
    0x68,0x69,0x67,0x68,0x70,0x20,0x76,0x65,0x63,0x33,0x20,0x77,0x70,0x6f,0x73,0x2c,
    0x20,0x68,0x69,0x67,0x68,0x70,0x20,0x76,0x65,0x63,0x33,0x20,0x6e,0x29,0x0a,0x7b,
    0x0a,0x20,0x20,0x20,0x20,0x68,0x69,0x67,0x68,0x70,0x20,0x76,0x65,0x63,0x34,0x20,
    0x5f,0x34,0x39,0x20,0x3d,0x20,0x6d,0x61,0x74,0x34,0x28,0x6d,0x65,0x73,0x68,0x5f,
    0x6c,0x69,0x67,0x68,0x74,0x73,0x5b,0x30,0x5d,0x2c,0x20,0x6d,0x65,0x73,0x68,0x5f,
    0x6c,0x69,0x67,0x68,0x74,0x73,0x5b,0x31,0x5d,0x2c,0x20,0x6d,0x65,0x73,0x68,0x5f,
    0x6c,0x69,0x67,0x68,0x74,0x73,0x5b,0x32,0x5d,0x2c,0x20,0x6d,0x65,0x73,0x68,0x5f,
    0x6c,0x69,0x67,0x68,0x74,0x73,0x5b,0x33,0x5d,0x29,0x20,0x2a,0x20,0x76,0x65,0x63,
    0x34,0x28,0x77,0x70,0x6f,0x73,0x20,0x2b,0x20,0x28,0x6e,0x20,0x2a,0x20,0x28,0x6d,
    0x65,0x73,0x68,0x5f,0x6c,0x69,0x67,0x68,0x74,0x73,0x5b,0x36,0x5d,0x2e,0x78,0x20,
    0x2a,0x20,0x31,0x2e,0x35,0x29,0x29,0x2c,0x20,0x31,0x2e,0x30,0x29,0x3b,0x0a,0x20,
    0x20,0x20,0x20,0x68,0x69,0x67,0x68,0x70,0x20,0x76,0x65,0x63,0x33,0x20,0x5f,0x35,
    0x38,0x20,0x3d,0x20,0x5f,0x34,0x39,0x2e,0x78,0x79,0x7a,0x20,0x2f,0x20,0x76,0x65,
    0x63,0x33,0x28,0x5f,0x34,0x39,0x2e,0x77,0x29,0x3b,0x0a,0x20,0x20,0x20,0x20,0x68,
    0x69,0x67,0x68,0x70,0x20,0x66,0x6c,0x6f,0x61,0x74,0x20,0x5f,0x36,0x36,0x20,0x3d,
    0x20,0x28,0x5f,0x35,0x38,0x2e,0x78,0x20,0x2a,0x20,0x30,0x2e,0x35,0x29,0x20,0x2b,
    0x20,0x30,0x2e,0x35,0x3b,0x0a,0x20,0x20,0x20,0x20,0x68,0x69,0x67,0x68,0x70,0x20,
    0x66,0x6c,0x6f,0x61,0x74,0x20,0x5f,0x37,0x32,0x20,0x3d,0x20,0x28,0x5f,0x35,0x38,
    0x2e,0x79,0x20,0x2a,0x20,0x30,0x2e,0x35,0x29,0x20,0x2b,0x20,0x30,0x2e,0x35,0x3b,
    0x0a,0x20,0x20,0x20,0x20,0x68,0x69,0x67,0x68,0x70,0x20,0x76,0x65,0x63,0x32,0x20,
    0x5f,0x33,0x39,0x34,0x20,0x3d,0x20,0x76,0x65,0x63,0x32,0x28,0x5f,0x36,0x36,0x2c,
    0x20,0x5f,0x37,0x32,0x29,0x3b,0x0a,0x20,0x20,0x20,0x20,0x68,0x69,0x67,0x68,0x70,
    0x20,0x66,0x6c,0x6f,0x61,0x74,0x20,0x5f,0x37,0x39,0x20,0x3d,0x20,0x28,0x5f,0x35,
    0x38,0x2e,0x7a,0x20,0x2a,0x20,0x30,0x2e,0x35,0x29,0x20,0x2b,0x20,0x30,0x2e,0x35,
    0x3b,0x0a,0x20,0x20,0x20,0x20,0x62,0x6f,0x6f,0x6c,0x20,0x5f,0x38,0x34,0x20,0x3d,
    0x20,0x5f,0x36,0x36,0x20,0x3c,0x20,0x30,0x2e,0x30,0x3b,0x0a,0x20,0x20,0x20,0x20,
    0x62,0x6f,0x6f,0x6c,0x20,0x5f,0x39,0x31,0x3b,0x0a,0x20,0x20,0x20,0x20,0x69,0x66,
    0x20,0x28,0x21,0x5f,0x38,0x34,0x29,0x0a,0x20,0x20,0x20,0x20,0x7b,0x0a,0x20,0x20,
    0x20,0x20,0x20,0x20,0x20,0x20,0x5f,0x39,0x31,0x20,0x3d,0x20,0x5f,0x36,0x36,0x20,
    0x3e,0x20,0x31,0x2e,0x30,0x3b,0x0a,0x20,0x20,0x20,0x20,0x7d,0x0a,0x20,0x20,0x20,
    0x20,0x65,0x6c,0x73,0x65,0x0a,0x20,0x20,0x20,0x20,0x7b,0x0a,0x20,0x20,0x20,0x20,
    0x20,0x20,0x20,0x20,0x5f,0x39,0x31,0x20,0x3d,0x20,0x5f,0x38,0x34,0x3b,0x0a,0x20,
    0x20,0x20,0x20,0x7d,0x0a,0x20,0x20,0x20,0x20,0x62,0x6f,0x6f,0x6c,0x20,0x5f,0x39,
    0x38,0x3b,0x0a,0x20,0x20,0x20,0x20,0x69,0x66,0x20,0x28,0x21,0x5f,0x39,0x31,0x29,
    0x0a,0x20,0x20,0x20,0x20,0x7b,0x0a,0x20,0x20,0x20,0x20,0x20,0x20,0x20,0x20,0x5f,
    0x39,0x38,0x20,0x3d,0x20,0x5f,0x37,0x32,0x20,0x3c,0x20,0x30,0x2e,0x30,0x3b,0x0a,
    0x20,0x20,0x20,0x20,0x7d,0x0a,0x20,0x20,0x20,0x20,0x65,0x6c,0x73,0x65,0x0a,0x20,
    0x20,0x20,0x20,0x7b,0x0a,0x20,0x20,0x20,0x20,0x20,0x20,0x20,0x20,0x5f,0x39,0x38,
    0x20,0x3d,0x20,0x5f,0x39,0x31,0x3b,0x0a,0x20,0x20,0x20,0x20,0x7d,0x0a,0x20,0x20,
    0x20,0x20,0x62,0x6f,0x6f,0x6c,0x20,0x5f,0x31,0x30,0x35,0x3b,0x0a,0x20,0x20,0x20,
    0x20,0x69,0x66,0x20,0x28,0x21,0x5f,0x39,0x38,0x29,0x0a,0x20,0x20,0x20,0x20,0x7b,
    0x0a,0x20,0x20,0x20,0x20,0x20,0x20,0x20,0x20,0x5f,0x31,0x30,0x35,0x20,0x3d,0x20,
    0x5f,0x37,0x32,0x20,0x3e,0x20,0x31,0x2e,0x30,0x3b,0x0a,0x20,0x20,0x20,0x20,0x7d,
    0x0a,0x20,0x20,0x20,0x20,0x65,0x6c,0x73,0x65,0x0a,0x20,0x20,0x20,0x20,0x7b,0x0a,
    0x20,0x20,0x20,0x20,0x20,0x20,0x20,0x20,0x5f,0x31,0x30,0x35,0x20,0x3d,0x20,0x5f,
    0x39,0x38,0x3b,0x0a,0x20,0x20,0x20,0x20,0x7d,0x0a,0x20,0x20,0x20,0x20,0x69,0x66,
    0x20,0x28,0x5f,0x31,0x30,0x35,0x20,0x7c,0x7c,0x20,0x28,0x5f,0x37,0x39,0x20,0x3e,
    0x20,0x31,0x2e,0x30,0x29,0x29,0x0a,0x20,0x20,0x20,0x20,0x7b,0x0a,0x20,0x20,0x20,
    0x20,0x20,0x20,0x20,0x20,0x72,0x65,0x74,0x75,0x72,0x6e,0x20,0x31,0x2e,0x30,0x3b,
    0x0a,0x20,0x20,0x20,0x20,0x7d,0x0a,0x20,0x20,0x20,0x20,0x68,0x69,0x67,0x68,0x70,
    0x20,0x66,0x6c,0x6f,0x61,0x74,0x20,0x6c,0x69,0x74,0x20,0x3d,0x20,0x30,0x2e,0x30,
    0x3b,0x0a,0x20,0x20,0x20,0x20,0x66,0x6f,0x72,0x20,0x28,0x69,0x6e,0x74,0x20,0x64,
    0x79,0x20,0x3d,0x20,0x2d,0x31,0x3b,0x20,0x64,0x79,0x20,0x3c,0x3d,0x20,0x31,0x3b,
    0x20,0x64,0x79,0x2b,0x2b,0x29,0x0a,0x20,0x20,0x20,0x20,0x7b,0x0a,0x20,0x20,0x20,
    0x20,0x20,0x20,0x20,0x20,0x66,0x6f,0x72,0x20,0x28,0x69,0x6e,0x74,0x20,0x64,0x78,
    0x20,0x3d,0x20,0x2d,0x31,0x3b,0x20,0x64,0x78,0x20,0x3c,0x3d,0x20,0x31,0x3b,0x20,
    0x64,0x78,0x2b,0x2b,0x29,0x0a,0x20,0x20,0x20,0x20,0x20,0x20,0x20,0x20,0x7b,0x0a,
    0x20,0x20,0x20,0x20,0x20,0x20,0x20,0x20,0x20,0x20,0x20,0x20,0x68,0x69,0x67,0x68,
    0x70,0x20,0x66,0x6c,0x6f,0x61,0x74,0x20,0x5f,0x31,0x35,0x38,0x20,0x3d,0x20,0x5f,
    0x37,0x39,0x20,0x2d,0x20,0x6d,0x65,0x73,0x68,0x5f,0x6c,0x69,0x67,0x68,0x74,0x73,
    0x5b,0x36,0x5d,0x2e,0x7a,0x3b,0x0a,0x20,0x20,0x20,0x20,0x20,0x20,0x20,0x20,0x20,
    0x20,0x20,0x20,0x6c,0x69,0x74,0x20,0x2b,0x3d,0x20,0x74,0x65,0x78,0x74,0x75,0x72,
    0x65,0x28,0x73,0x68,0x61,0x64,0x6f,0x77,0x5f,0x74,0x65,0x78,0x5f,0x73,0x68,0x61,
    0x64,0x6f,0x77,0x5f,0x73,0x6d,0x70,0x2c,0x20,0x76,0x65,0x63,0x33,0x28,0x76,0x65,
    0x63,0x33,0x28,0x5f,0x33,0x39,0x34,0x20,0x2b,0x20,0x28,0x76,0x65,0x63,0x32,0x28,
    0x66,0x6c,0x6f,0x61,0x74,0x28,0x64,0x78,0x29,0x2c,0x20,0x66,0x6c,0x6f,0x61,0x74,
    0x28,0x64,0x79,0x29,0x29,0x20,0x2a,0x20,0x6d,0x65,0x73,0x68,0x5f,0x6c,0x69,0x67,
    0x68,0x74,0x73,0x5b,0x36,0x5d,0x2e,0x79,0x29,0x2c,0x20,0x5f,0x31,0x35,0x38,0x29,
    0x2e,0x78,0x79,0x2c,0x20,0x5f,0x31,0x35,0x38,0x29,0x29,0x3b,0x0a,0x20,0x20,0x20,
    0x20,0x20,0x20,0x20,0x20,0x7d,0x0a,0x20,0x20,0x20,0x20,0x7d,0x0a,0x20,0x20,0x20,
    0x20,0x72,0x65,0x74,0x75,0x72,0x6e,0x20,0x31,0x2e,0x30,0x20,0x2d,0x20,0x28,0x6d,
    0x65,0x73,0x68,0x5f,0x6c,0x69,0x67,0x68,0x74,0x73,0x5b,0x35,0x5d,0x2e,0x77,0x20,
    0x2a,0x20,0x28,0x31,0x2e,0x30,0x20,0x2d,0x20,0x28,0x6c,0x69,0x74,0x20,0x2a,0x20,
    0x30,0x2e,0x31,0x31,0x31,0x31,0x31,0x31,0x31,0x31,0x31,0x39,0x33,0x38,0x39,0x35,
    0x33,0x33,0x39,0x39,0x36,0x35,0x38,0x32,0x30,0x33,0x31,0x32,0x35,0x29,0x29,0x29,
    0x3b,0x0a,0x7d,0x0a,0x0a,0x76,0x6f,0x69,0x64,0x20,0x6d,0x61,0x69,0x6e,0x28,0x29,
    0x0a,0x7b,0x0a,0x20,0x20,0x20,0x20,0x68,0x69,0x67,0x68,0x70,0x20,0x76,0x65,0x63,
    0x33,0x20,0x62,0x61,0x73,0x65,0x20,0x3d,0x20,0x6d,0x65,0x73,0x68,0x5f,0x6d,0x61,
    0x74,0x65,0x72,0x69,0x61,0x6c,0x5b,0x30,0x5d,0x2e,0x78,0x79,0x7a,0x3b,0x0a,0x20,
    0x20,0x20,0x20,0x69,0x66,0x20,0x28,0x6d,0x65,0x73,0x68,0x5f,0x6d,0x61,0x74,0x65,
    0x72,0x69,0x61,0x6c,0x5b,0x31,0x5d,0x2e,0x79,0x20,0x3e,0x20,0x30,0x2e,0x35,0x29,
    0x0a,0x20,0x20,0x20,0x20,0x7b,0x0a,0x20,0x20,0x20,0x20,0x20,0x20,0x20,0x20,0x62,
    0x61,0x73,0x65,0x20,0x2a,0x3d,0x20,0x74,0x65,0x78,0x74,0x75,0x72,0x65,0x28,0x62,
    0x61,0x73,0x65,0x5f,0x74,0x65,0x78,0x5f,0x62,0x61,0x73,0x65,0x5f,0x73,0x6d,0x70,
    0x2c,0x20,0x76,0x5f,0x75,0x76,0x29,0x2e,0x78,0x79,0x7a,0x3b,0x0a,0x20,0x20,0x20,
    0x20,0x7d,0x0a,0x20,0x20,0x20,0x20,0x69,0x66,0x20,0x28,0x6d,0x65,0x73,0x68,0x5f,
    0x6d,0x61,0x74,0x65,0x72,0x69,0x61,0x6c,0x5b,0x31,0x5d,0x2e,0x78,0x20,0x3e,0x20,
    0x30,0x2e,0x35,0x29,0x0a,0x20,0x20,0x20,0x20,0x7b,0x0a,0x20,0x20,0x20,0x20,0x20,
    0x20,0x20,0x20,0x66,0x72,0x61,0x67,0x5f,0x63,0x6f,0x6c,0x6f,0x72,0x20,0x3d,0x20,
    0x76,0x65,0x63,0x34,0x28,0x63,0x6c,0x61,0x6d,0x70,0x28,0x62,0x61,0x73,0x65,0x2c,
    0x20,0x76,0x65,0x63,0x33,0x28,0x30,0x2e,0x30,0x29,0x2c,0x20,0x76,0x65,0x63,0x33,
    0x28,0x31,0x2e,0x30,0x29,0x29,0x2c,0x20,0x31,0x2e,0x30,0x29,0x3b,0x0a,0x20,0x20,
    0x20,0x20,0x20,0x20,0x20,0x20,0x72,0x65,0x74,0x75,0x72,0x6e,0x3b,0x0a,0x20,0x20,
    0x20,0x20,0x7d,0x0a,0x20,0x20,0x20,0x20,0x68,0x69,0x67,0x68,0x70,0x20,0x76,0x65,
    0x63,0x33,0x20,0x5f,0x32,0x32,0x37,0x20,0x3d,0x20,0x6e,0x6f,0x72,0x6d,0x61,0x6c,
    0x69,0x7a,0x65,0x28,0x76,0x5f,0x6e,0x72,0x6d,0x29,0x3b,0x0a,0x20,0x20,0x20,0x20,
    0x68,0x69,0x67,0x68,0x70,0x20,0x76,0x65,0x63,0x33,0x20,0x6c,0x69,0x67,0x68,0x74,
    0x20,0x3d,0x20,0x6d,0x65,0x73,0x68,0x5f,0x6c,0x69,0x67,0x68,0x74,0x73,0x5b,0x34,
    0x5d,0x2e,0x78,0x79,0x7a,0x3b,0x0a,0x20,0x20,0x20,0x20,0x69,0x6e,0x74,0x20,0x5f,
    0x32,0x33,0x35,0x20,0x3d,0x20,0x69,0x6e,0x74,0x28,0x6d,0x65,0x73,0x68,0x5f,0x6c,
    0x69,0x67,0x68,0x74,0x73,0x5b,0x35,0x5d,0x2e,0x78,0x29,0x3b,0x0a,0x20,0x20,0x20,
    0x20,0x68,0x69,0x67,0x68,0x70,0x20,0x66,0x6c,0x6f,0x61,0x74,0x20,0x5f,0x32,0x37,
    0x34,0x3b,0x0a,0x20,0x20,0x20,0x20,0x66,0x6f,0x72,0x20,0x28,0x69,0x6e,0x74,0x20,
    0x69,0x20,0x3d,0x20,0x30,0x3b,0x20,0x69,0x20,0x3c,0x20,0x34,0x3b,0x20,0x69,0x2b,
    0x2b,0x29,0x0a,0x20,0x20,0x20,0x20,0x7b,0x0a,0x20,0x20,0x20,0x20,0x20,0x20,0x20,
    0x20,0x69,0x66,0x20,0x28,0x69,0x20,0x3e,0x3d,0x20,0x5f,0x32,0x33,0x35,0x29,0x0a,
    0x20,0x20,0x20,0x20,0x20,0x20,0x20,0x20,0x7b,0x0a,0x20,0x20,0x20,0x20,0x20,0x20,
    0x20,0x20,0x20,0x20,0x20,0x20,0x62,0x72,0x65,0x61,0x6b,0x3b,0x0a,0x20,0x20,0x20,
    0x20,0x20,0x20,0x20,0x20,0x7d,0x0a,0x20,0x20,0x20,0x20,0x20,0x20,0x20,0x20,0x68,
    0x69,0x67,0x68,0x70,0x20,0x66,0x6c,0x6f,0x61,0x74,0x20,0x5f,0x32,0x35,0x39,0x20,
    0x3d,0x20,0x6d,0x61,0x78,0x28,0x30,0x2e,0x30,0x2c,0x20,0x64,0x6f,0x74,0x28,0x5f,
    0x32,0x32,0x37,0x2c,0x20,0x2d,0x6d,0x65,0x73,0x68,0x5f,0x6c,0x69,0x67,0x68,0x74,
    0x73,0x5b,0x69,0x20,0x2a,0x20,0x31,0x20,0x2b,0x20,0x37,0x5d,0x2e,0x78,0x79,0x7a,
    0x29,0x29,0x3b,0x0a,0x20,0x20,0x20,0x20,0x20,0x20,0x20,0x20,0x69,0x66,0x20,0x28,
    0x5f,0x32,0x35,0x39,0x20,0x3c,0x3d,0x20,0x30,0x2e,0x30,0x29,0x0a,0x20,0x20,0x20,
    0x20,0x20,0x20,0x20,0x20,0x7b,0x0a,0x20,0x20,0x20,0x20,0x20,0x20,0x20,0x20,0x20,
    0x20,0x20,0x20,0x63,0x6f,0x6e,0x74,0x69,0x6e,0x75,0x65,0x3b,0x0a,0x20,0x20,0x20,
    0x20,0x20,0x20,0x20,0x20,0x7d,0x0a,0x20,0x20,0x20,0x20,0x20,0x20,0x20,0x20,0x62,
    0x6f,0x6f,0x6c,0x20,0x5f,0x32,0x36,0x37,0x20,0x3d,0x20,0x69,0x20,0x3d,0x3d,0x20,
    0x30,0x3b,0x0a,0x20,0x20,0x20,0x20,0x20,0x20,0x20,0x20,0x62,0x6f,0x6f,0x6c,0x20,
    0x5f,0x32,0x37,0x33,0x3b,0x0a,0x20,0x20,0x20,0x20,0x20,0x20,0x20,0x20,0x69,0x66,
    0x20,0x28,0x5f,0x32,0x36,0x37,0x29,0x0a,0x20,0x20,0x20,0x20,0x20,0x20,0x20,0x20,
    0x7b,0x0a,0x20,0x20,0x20,0x20,0x20,0x20,0x20,0x20,0x20,0x20,0x20,0x20,0x5f,0x32,
    0x37,0x33,0x20,0x3d,0x20,0x6d,0x65,0x73,0x68,0x5f,0x6c,0x69,0x67,0x68,0x74,0x73,
    0x5b,0x35,0x5d,0x2e,0x7a,0x20,0x3e,0x20,0x30,0x2e,0x35,0x3b,0x0a,0x20,0x20,0x20,
    0x20,0x20,0x20,0x20,0x20,0x7d,0x0a,0x20,0x20,0x20,0x20,0x20,0x20,0x20,0x20,0x65,
    0x6c,0x73,0x65,0x0a,0x20,0x20,0x20,0x20,0x20,0x20,0x20,0x20,0x7b,0x0a,0x20,0x20,
    0x20,0x20,0x20,0x20,0x20,0x20,0x20,0x20,0x20,0x20,0x5f,0x32,0x37,0x33,0x20,0x3d,
    0x20,0x5f,0x32,0x36,0x37,0x3b,0x0a,0x20,0x20,0x20,0x20,0x20,0x20,0x20,0x20,0x7d,
    0x0a,0x20,0x20,0x20,0x20,0x20,0x20,0x20,0x20,0x69,0x66,0x20,0x28,0x5f,0x32,0x37,
    0x33,0x29,0x0a,0x20,0x20,0x20,0x20,0x20,0x20,0x20,0x20,0x7b,0x0a,0x20,0x20,0x20,
    0x20,0x20,0x20,0x20,0x20,0x20,0x20,0x20,0x20,0x68,0x69,0x67,0x68,0x70,0x20,0x76,
    0x65,0x63,0x33,0x20,0x70,0x61,0x72,0x61,0x6d,0x20,0x3d,0x20,0x76,0x5f,0x77,0x70,
    0x6f,0x73,0x3b,0x0a,0x20,0x20,0x20,0x20,0x20,0x20,0x20,0x20,0x20,0x20,0x20,0x20,
    0x68,0x69,0x67,0x68,0x70,0x20,0x76,0x65,0x63,0x33,0x20,0x70,0x61,0x72,0x61,0x6d,
    0x5f,0x31,0x20,0x3d,0x20,0x5f,0x32,0x32,0x37,0x3b,0x0a,0x20,0x20,0x20,0x20,0x20,
    0x20,0x20,0x20,0x20,0x20,0x20,0x20,0x5f,0x32,0x37,0x34,0x20,0x3d,0x20,0x73,0x68,
    0x61,0x64,0x6f,0x77,0x5f,0x6c,0x69,0x74,0x28,0x70,0x61,0x72,0x61,0x6d,0x2c,0x20,
    0x70,0x61,0x72,0x61,0x6d,0x5f,0x31,0x29,0x3b,0x0a,0x20,0x20,0x20,0x20,0x20,0x20,
    0x20,0x20,0x7d,0x0a,0x20,0x20,0x20,0x20,0x20,0x20,0x20,0x20,0x65,0x6c,0x73,0x65,
    0x0a,0x20,0x20,0x20,0x20,0x20,0x20,0x20,0x20,0x7b,0x0a,0x20,0x20,0x20,0x20,0x20,
    0x20,0x20,0x20,0x20,0x20,0x20,0x20,0x5f,0x32,0x37,0x34,0x20,0x3d,0x20,0x31,0x2e,
    0x30,0x3b,0x0a,0x20,0x20,0x20,0x20,0x20,0x20,0x20,0x20,0x7d,0x0a,0x20,0x20,0x20,
    0x20,0x20,0x20,0x20,0x20,0x6c,0x69,0x67,0x68,0x74,0x20,0x2b,0x3d,0x20,0x28,0x6d,
    0x65,0x73,0x68,0x5f,0x6c,0x69,0x67,0x68,0x74,0x73,0x5b,0x69,0x20,0x2a,0x20,0x31,
    0x20,0x2b,0x20,0x31,0x31,0x5d,0x2e,0x78,0x79,0x7a,0x20,0x2a,0x20,0x28,0x5f,0x32,
    0x35,0x39,0x20,0x2a,0x20,0x5f,0x32,0x37,0x34,0x29,0x29,0x3b,0x0a,0x20,0x20,0x20,
    0x20,0x7d,0x0a,0x20,0x20,0x20,0x20,0x69,0x6e,0x74,0x20,0x5f,0x33,0x30,0x31,0x20,
    0x3d,0x20,0x69,0x6e,0x74,0x28,0x6d,0x65,0x73,0x68,0x5f,0x6c,0x69,0x67,0x68,0x74,
    0x73,0x5b,0x35,0x5d,0x2e,0x79,0x29,0x3b,0x0a,0x20,0x20,0x20,0x20,0x66,0x6f,0x72,
    0x20,0x28,0x69,0x6e,0x74,0x20,0x69,0x5f,0x31,0x20,0x3d,0x20,0x30,0x3b,0x20,0x69,
    0x5f,0x31,0x20,0x3c,0x20,0x31,0x36,0x3b,0x20,0x69,0x5f,0x31,0x2b,0x2b,0x29,0x0a,
    0x20,0x20,0x20,0x20,0x7b,0x0a,0x20,0x20,0x20,0x20,0x20,0x20,0x20,0x20,0x69,0x66,
    0x20,0x28,0x69,0x5f,0x31,0x20,0x3e,0x3d,0x20,0x5f,0x33,0x30,0x31,0x29,0x0a,0x20,
    0x20,0x20,0x20,0x20,0x20,0x20,0x20,0x7b,0x0a,0x20,0x20,0x20,0x20,0x20,0x20,0x20,
    0x20,0x20,0x20,0x20,0x20,0x62,0x72,0x65,0x61,0x6b,0x3b,0x0a,0x20,0x20,0x20,0x20,
    0x20,0x20,0x20,0x20,0x7d,0x0a,0x20,0x20,0x20,0x20,0x20,0x20,0x20,0x20,0x68,0x69,
    0x67,0x68,0x70,0x20,0x76,0x65,0x63,0x33,0x20,0x5f,0x33,0x32,0x34,0x20,0x3d,0x20,
    0x6d,0x65,0x73,0x68,0x5f,0x6c,0x69,0x67,0x68,0x74,0x73,0x5b,0x69,0x5f,0x31,0x20,
    0x2a,0x20,0x31,0x20,0x2b,0x20,0x31,0x35,0x5d,0x2e,0x78,0x79,0x7a,0x20,0x2d,0x20,
    0x76,0x5f,0x77,0x70,0x6f,0x73,0x3b,0x0a,0x20,0x20,0x20,0x20,0x20,0x20,0x20,0x20,
    0x68,0x69,0x67,0x68,0x70,0x20,0x66,0x6c,0x6f,0x61,0x74,0x20,0x5f,0x33,0x32,0x37,
    0x20,0x3d,0x20,0x6c,0x65,0x6e,0x67,0x74,0x68,0x28,0x5f,0x33,0x32,0x34,0x29,0x3b,
    0x0a,0x20,0x20,0x20,0x20,0x20,0x20,0x20,0x20,0x69,0x66,0x20,0x28,0x28,0x5f,0x33,
    0x32,0x37,0x20,0x3e,0x3d,0x20,0x6d,0x65,0x73,0x68,0x5f,0x6c,0x69,0x67,0x68,0x74,
    0x73,0x5b,0x69,0x5f,0x31,0x20,0x2a,0x20,0x31,0x20,0x2b,0x20,0x31,0x35,0x5d,0x2e,
    0x77,0x29,0x20,0x7c,0x7c,0x20,0x28,0x5f,0x33,0x32,0x37,0x20,0x3c,0x20,0x39,0x2e,
    0x39,0x39,0x39,0x39,0x39,0x39,0x37,0x34,0x37,0x33,0x37,0x38,0x37,0x35,0x31,0x36,
    0x33,0x35,0x35,0x35,0x31,0x34,0x35,0x32,0x36,0x33,0x36,0x37,0x31,0x38,0x38,0x65,
    0x2d,0x30,0x36,0x29,0x29,0x0a,0x20,0x20,0x20,0x20,0x20,0x20,0x20,0x20,0x7b,0x0a,
    0x20,0x20,0x20,0x20,0x20,0x20,0x20,0x20,0x20,0x20,0x20,0x20,0x63,0x6f,0x6e,0x74,
    0x69,0x6e,0x75,0x65,0x3b,0x0a,0x20,0x20,0x20,0x20,0x20,0x20,0x20,0x20,0x7d,0x0a,
    0x20,0x20,0x20,0x20,0x20,0x20,0x20,0x20,0x68,0x69,0x67,0x68,0x70,0x20,0x66,0x6c,
    0x6f,0x61,0x74,0x20,0x5f,0x33,0x35,0x34,0x20,0x3d,0x20,0x31,0x2e,0x30,0x20,0x2d,
    0x20,0x28,0x5f,0x33,0x32,0x37,0x20,0x2f,0x20,0x6d,0x65,0x73,0x68,0x5f,0x6c,0x69,
    0x67,0x68,0x74,0x73,0x5b,0x69,0x5f,0x31,0x20,0x2a,0x20,0x31,0x20,0x2b,0x20,0x31,
    0x35,0x5d,0x2e,0x77,0x29,0x3b,0x0a,0x20,0x20,0x20,0x20,0x20,0x20,0x20,0x20,0x6c,
    0x69,0x67,0x68,0x74,0x20,0x2b,0x3d,0x20,0x28,0x6d,0x65,0x73,0x68,0x5f,0x6c,0x69,
    0x67,0x68,0x74,0x73,0x5b,0x69,0x5f,0x31,0x20,0x2a,0x20,0x31,0x20,0x2b,0x20,0x33,
    0x31,0x5d,0x2e,0x78,0x79,0x7a,0x20,0x2a,0x20,0x28,0x28,0x6d,0x61,0x78,0x28,0x30,
    0x2e,0x30,0x2c,0x20,0x64,0x6f,0x74,0x28,0x5f,0x32,0x32,0x37,0x2c,0x20,0x5f,0x33,
    0x32,0x34,0x20,0x2f,0x20,0x76,0x65,0x63,0x33,0x28,0x5f,0x33,0x32,0x37,0x29,0x29,
    0x29,0x20,0x2a,0x20,0x5f,0x33,0x35,0x34,0x29,0x20,0x2a,0x20,0x5f,0x33,0x35,0x34,
    0x29,0x29,0x3b,0x0a,0x20,0x20,0x20,0x20,0x7d,0x0a,0x20,0x20,0x20,0x20,0x66,0x72,
    0x61,0x67,0x5f,0x63,0x6f,0x6c,0x6f,0x72,0x20,0x3d,0x20,0x76,0x65,0x63,0x34,0x28,
    0x63,0x6c,0x61,0x6d,0x70,0x28,0x62,0x61,0x73,0x65,0x20,0x2a,0x20,0x6c,0x69,0x67,
    0x68,0x74,0x2c,0x20,0x76,0x65,0x63,0x33,0x28,0x30,0x2e,0x30,0x29,0x2c,0x20,0x76,
    0x65,0x63,0x33,0x28,0x31,0x2e,0x30,0x29,0x29,0x2c,0x20,0x31,0x2e,0x30,0x29,0x3b,
    0x0a,0x7d,0x0a,0x0a,0x00,
};
/*
    #version 300 es

    uniform vec4 pos_vs_params[4];
    layout(location = 0) in vec3 position;

    void main()
    {
        gl_Position = mat4(pos_vs_params[0], pos_vs_params[1], pos_vs_params[2], pos_vs_params[3]) * vec4(position, 1.0);
    }

*/
static const uint8_t oe_pos_vs_source_glsl300es[224] = {
    0x23,0x76,0x65,0x72,0x73,0x69,0x6f,0x6e,0x20,0x33,0x30,0x30,0x20,0x65,0x73,0x0a,
    0x0a,0x75,0x6e,0x69,0x66,0x6f,0x72,0x6d,0x20,0x76,0x65,0x63,0x34,0x20,0x70,0x6f,
    0x73,0x5f,0x76,0x73,0x5f,0x70,0x61,0x72,0x61,0x6d,0x73,0x5b,0x34,0x5d,0x3b,0x0a,
    0x6c,0x61,0x79,0x6f,0x75,0x74,0x28,0x6c,0x6f,0x63,0x61,0x74,0x69,0x6f,0x6e,0x20,
    0x3d,0x20,0x30,0x29,0x20,0x69,0x6e,0x20,0x76,0x65,0x63,0x33,0x20,0x70,0x6f,0x73,
    0x69,0x74,0x69,0x6f,0x6e,0x3b,0x0a,0x0a,0x76,0x6f,0x69,0x64,0x20,0x6d,0x61,0x69,
    0x6e,0x28,0x29,0x0a,0x7b,0x0a,0x20,0x20,0x20,0x20,0x67,0x6c,0x5f,0x50,0x6f,0x73,
    0x69,0x74,0x69,0x6f,0x6e,0x20,0x3d,0x20,0x6d,0x61,0x74,0x34,0x28,0x70,0x6f,0x73,
    0x5f,0x76,0x73,0x5f,0x70,0x61,0x72,0x61,0x6d,0x73,0x5b,0x30,0x5d,0x2c,0x20,0x70,
    0x6f,0x73,0x5f,0x76,0x73,0x5f,0x70,0x61,0x72,0x61,0x6d,0x73,0x5b,0x31,0x5d,0x2c,
    0x20,0x70,0x6f,0x73,0x5f,0x76,0x73,0x5f,0x70,0x61,0x72,0x61,0x6d,0x73,0x5b,0x32,
    0x5d,0x2c,0x20,0x70,0x6f,0x73,0x5f,0x76,0x73,0x5f,0x70,0x61,0x72,0x61,0x6d,0x73,
    0x5b,0x33,0x5d,0x29,0x20,0x2a,0x20,0x76,0x65,0x63,0x34,0x28,0x70,0x6f,0x73,0x69,
    0x74,0x69,0x6f,0x6e,0x2c,0x20,0x31,0x2e,0x30,0x29,0x3b,0x0a,0x7d,0x0a,0x0a,0x00,

};
/*
    #version 300 es
    precision mediump float;
    precision highp int;

    void main()
    {
    }

*/
static const uint8_t oe_depth_fs_source_glsl300es[81] = {
    0x23,0x76,0x65,0x72,0x73,0x69,0x6f,0x6e,0x20,0x33,0x30,0x30,0x20,0x65,0x73,0x0a,
    0x70,0x72,0x65,0x63,0x69,0x73,0x69,0x6f,0x6e,0x20,0x6d,0x65,0x64,0x69,0x75,0x6d,
    0x70,0x20,0x66,0x6c,0x6f,0x61,0x74,0x3b,0x0a,0x70,0x72,0x65,0x63,0x69,0x73,0x69,
    0x6f,0x6e,0x20,0x68,0x69,0x67,0x68,0x70,0x20,0x69,0x6e,0x74,0x3b,0x0a,0x0a,0x76,
    0x6f,0x69,0x64,0x20,0x6d,0x61,0x69,0x6e,0x28,0x29,0x0a,0x7b,0x0a,0x7d,0x0a,0x0a,
    0x00,
};
/*
    #version 300 es
    precision mediump float;
    precision highp int;

    uniform highp vec4 solid_params[1];
    layout(location = 0) out highp vec4 frag_color;

    void main()
    {
        frag_color = solid_params[0];
    }

*/
static const uint8_t oe_solid_fs_source_glsl300es[200] = {
    0x23,0x76,0x65,0x72,0x73,0x69,0x6f,0x6e,0x20,0x33,0x30,0x30,0x20,0x65,0x73,0x0a,
    0x70,0x72,0x65,0x63,0x69,0x73,0x69,0x6f,0x6e,0x20,0x6d,0x65,0x64,0x69,0x75,0x6d,
    0x70,0x20,0x66,0x6c,0x6f,0x61,0x74,0x3b,0x0a,0x70,0x72,0x65,0x63,0x69,0x73,0x69,
    0x6f,0x6e,0x20,0x68,0x69,0x67,0x68,0x70,0x20,0x69,0x6e,0x74,0x3b,0x0a,0x0a,0x75,
    0x6e,0x69,0x66,0x6f,0x72,0x6d,0x20,0x68,0x69,0x67,0x68,0x70,0x20,0x76,0x65,0x63,
    0x34,0x20,0x73,0x6f,0x6c,0x69,0x64,0x5f,0x70,0x61,0x72,0x61,0x6d,0x73,0x5b,0x31,
    0x5d,0x3b,0x0a,0x6c,0x61,0x79,0x6f,0x75,0x74,0x28,0x6c,0x6f,0x63,0x61,0x74,0x69,
    0x6f,0x6e,0x20,0x3d,0x20,0x30,0x29,0x20,0x6f,0x75,0x74,0x20,0x68,0x69,0x67,0x68,
    0x70,0x20,0x76,0x65,0x63,0x34,0x20,0x66,0x72,0x61,0x67,0x5f,0x63,0x6f,0x6c,0x6f,
    0x72,0x3b,0x0a,0x0a,0x76,0x6f,0x69,0x64,0x20,0x6d,0x61,0x69,0x6e,0x28,0x29,0x0a,
    0x7b,0x0a,0x20,0x20,0x20,0x20,0x66,0x72,0x61,0x67,0x5f,0x63,0x6f,0x6c,0x6f,0x72,
    0x20,0x3d,0x20,0x73,0x6f,0x6c,0x69,0x64,0x5f,0x70,0x61,0x72,0x61,0x6d,0x73,0x5b,
    0x30,0x5d,0x3b,0x0a,0x7d,0x0a,0x0a,0x00,
};
/*
    #version 300 es

    uniform vec4 line_params[4];
    layout(location = 0) in vec3 position;
    out vec4 v_color;
    layout(location = 1) in vec4 color0;

    void main()
    {
        gl_Position = mat4(line_params[0], line_params[1], line_params[2], line_params[3]) * vec4(position, 1.0);
        gl_Position.z -= (0.00019999999494757503271102905273438 * gl_Position.w);
        v_color = color0;
    }

*/
static const uint8_t oe_line_vs_source_glsl300es[369] = {
    0x23,0x76,0x65,0x72,0x73,0x69,0x6f,0x6e,0x20,0x33,0x30,0x30,0x20,0x65,0x73,0x0a,
    0x0a,0x75,0x6e,0x69,0x66,0x6f,0x72,0x6d,0x20,0x76,0x65,0x63,0x34,0x20,0x6c,0x69,
    0x6e,0x65,0x5f,0x70,0x61,0x72,0x61,0x6d,0x73,0x5b,0x34,0x5d,0x3b,0x0a,0x6c,0x61,
    0x79,0x6f,0x75,0x74,0x28,0x6c,0x6f,0x63,0x61,0x74,0x69,0x6f,0x6e,0x20,0x3d,0x20,
    0x30,0x29,0x20,0x69,0x6e,0x20,0x76,0x65,0x63,0x33,0x20,0x70,0x6f,0x73,0x69,0x74,
    0x69,0x6f,0x6e,0x3b,0x0a,0x6f,0x75,0x74,0x20,0x76,0x65,0x63,0x34,0x20,0x76,0x5f,
    0x63,0x6f,0x6c,0x6f,0x72,0x3b,0x0a,0x6c,0x61,0x79,0x6f,0x75,0x74,0x28,0x6c,0x6f,
    0x63,0x61,0x74,0x69,0x6f,0x6e,0x20,0x3d,0x20,0x31,0x29,0x20,0x69,0x6e,0x20,0x76,
    0x65,0x63,0x34,0x20,0x63,0x6f,0x6c,0x6f,0x72,0x30,0x3b,0x0a,0x0a,0x76,0x6f,0x69,
    0x64,0x20,0x6d,0x61,0x69,0x6e,0x28,0x29,0x0a,0x7b,0x0a,0x20,0x20,0x20,0x20,0x67,
    0x6c,0x5f,0x50,0x6f,0x73,0x69,0x74,0x69,0x6f,0x6e,0x20,0x3d,0x20,0x6d,0x61,0x74,
    0x34,0x28,0x6c,0x69,0x6e,0x65,0x5f,0x70,0x61,0x72,0x61,0x6d,0x73,0x5b,0x30,0x5d,
    0x2c,0x20,0x6c,0x69,0x6e,0x65,0x5f,0x70,0x61,0x72,0x61,0x6d,0x73,0x5b,0x31,0x5d,
    0x2c,0x20,0x6c,0x69,0x6e,0x65,0x5f,0x70,0x61,0x72,0x61,0x6d,0x73,0x5b,0x32,0x5d,
    0x2c,0x20,0x6c,0x69,0x6e,0x65,0x5f,0x70,0x61,0x72,0x61,0x6d,0x73,0x5b,0x33,0x5d,
    0x29,0x20,0x2a,0x20,0x76,0x65,0x63,0x34,0x28,0x70,0x6f,0x73,0x69,0x74,0x69,0x6f,
    0x6e,0x2c,0x20,0x31,0x2e,0x30,0x29,0x3b,0x0a,0x20,0x20,0x20,0x20,0x67,0x6c,0x5f,
    0x50,0x6f,0x73,0x69,0x74,0x69,0x6f,0x6e,0x2e,0x7a,0x20,0x2d,0x3d,0x20,0x28,0x30,
    0x2e,0x30,0x30,0x30,0x31,0x39,0x39,0x39,0x39,0x39,0x39,0x39,0x34,0x39,0x34,0x37,
    0x35,0x37,0x35,0x30,0x33,0x32,0x37,0x31,0x31,0x30,0x32,0x39,0x30,0x35,0x32,0x37,
    0x33,0x34,0x33,0x38,0x20,0x2a,0x20,0x67,0x6c,0x5f,0x50,0x6f,0x73,0x69,0x74,0x69,
    0x6f,0x6e,0x2e,0x77,0x29,0x3b,0x0a,0x20,0x20,0x20,0x20,0x76,0x5f,0x63,0x6f,0x6c,
    0x6f,0x72,0x20,0x3d,0x20,0x63,0x6f,0x6c,0x6f,0x72,0x30,0x3b,0x0a,0x7d,0x0a,0x0a,
    0x00,
};
/*
    #version 300 es

    uniform vec4 ui_params[1];
    layout(location = 0) in vec2 position;
    out vec4 v_color;
    layout(location = 1) in vec4 color0;

    void main()
    {
        gl_Position = vec4((position.x * ui_params[0].x) - 1.0, 1.0 - (position.y * ui_params[0].y), 0.0, 1.0);
        v_color = color0;
    }

*/
static const uint8_t oe_ui_vs_source_glsl300es[287] = {
    0x23,0x76,0x65,0x72,0x73,0x69,0x6f,0x6e,0x20,0x33,0x30,0x30,0x20,0x65,0x73,0x0a,
    0x0a,0x75,0x6e,0x69,0x66,0x6f,0x72,0x6d,0x20,0x76,0x65,0x63,0x34,0x20,0x75,0x69,
    0x5f,0x70,0x61,0x72,0x61,0x6d,0x73,0x5b,0x31,0x5d,0x3b,0x0a,0x6c,0x61,0x79,0x6f,
    0x75,0x74,0x28,0x6c,0x6f,0x63,0x61,0x74,0x69,0x6f,0x6e,0x20,0x3d,0x20,0x30,0x29,
    0x20,0x69,0x6e,0x20,0x76,0x65,0x63,0x32,0x20,0x70,0x6f,0x73,0x69,0x74,0x69,0x6f,
    0x6e,0x3b,0x0a,0x6f,0x75,0x74,0x20,0x76,0x65,0x63,0x34,0x20,0x76,0x5f,0x63,0x6f,
    0x6c,0x6f,0x72,0x3b,0x0a,0x6c,0x61,0x79,0x6f,0x75,0x74,0x28,0x6c,0x6f,0x63,0x61,
    0x74,0x69,0x6f,0x6e,0x20,0x3d,0x20,0x31,0x29,0x20,0x69,0x6e,0x20,0x76,0x65,0x63,
    0x34,0x20,0x63,0x6f,0x6c,0x6f,0x72,0x30,0x3b,0x0a,0x0a,0x76,0x6f,0x69,0x64,0x20,
    0x6d,0x61,0x69,0x6e,0x28,0x29,0x0a,0x7b,0x0a,0x20,0x20,0x20,0x20,0x67,0x6c,0x5f,
    0x50,0x6f,0x73,0x69,0x74,0x69,0x6f,0x6e,0x20,0x3d,0x20,0x76,0x65,0x63,0x34,0x28,
    0x28,0x70,0x6f,0x73,0x69,0x74,0x69,0x6f,0x6e,0x2e,0x78,0x20,0x2a,0x20,0x75,0x69,
    0x5f,0x70,0x61,0x72,0x61,0x6d,0x73,0x5b,0x30,0x5d,0x2e,0x78,0x29,0x20,0x2d,0x20,
    0x31,0x2e,0x30,0x2c,0x20,0x31,0x2e,0x30,0x20,0x2d,0x20,0x28,0x70,0x6f,0x73,0x69,
    0x74,0x69,0x6f,0x6e,0x2e,0x79,0x20,0x2a,0x20,0x75,0x69,0x5f,0x70,0x61,0x72,0x61,
    0x6d,0x73,0x5b,0x30,0x5d,0x2e,0x79,0x29,0x2c,0x20,0x30,0x2e,0x30,0x2c,0x20,0x31,
    0x2e,0x30,0x29,0x3b,0x0a,0x20,0x20,0x20,0x20,0x76,0x5f,0x63,0x6f,0x6c,0x6f,0x72,
    0x20,0x3d,0x20,0x63,0x6f,0x6c,0x6f,0x72,0x30,0x3b,0x0a,0x7d,0x0a,0x0a,0x00,
};
/*
    #version 300 es
    precision mediump float;
    precision highp int;

    layout(location = 0) out highp vec4 frag_color;
    in highp vec4 v_color;

    void main()
    {
        frag_color = v_color;
    }

*/
static const uint8_t oe_color_fs_source_glsl300es[179] = {
    0x23,0x76,0x65,0x72,0x73,0x69,0x6f,0x6e,0x20,0x33,0x30,0x30,0x20,0x65,0x73,0x0a,
    0x70,0x72,0x65,0x63,0x69,0x73,0x69,0x6f,0x6e,0x20,0x6d,0x65,0x64,0x69,0x75,0x6d,
    0x70,0x20,0x66,0x6c,0x6f,0x61,0x74,0x3b,0x0a,0x70,0x72,0x65,0x63,0x69,0x73,0x69,
    0x6f,0x6e,0x20,0x68,0x69,0x67,0x68,0x70,0x20,0x69,0x6e,0x74,0x3b,0x0a,0x0a,0x6c,
    0x61,0x79,0x6f,0x75,0x74,0x28,0x6c,0x6f,0x63,0x61,0x74,0x69,0x6f,0x6e,0x20,0x3d,
    0x20,0x30,0x29,0x20,0x6f,0x75,0x74,0x20,0x68,0x69,0x67,0x68,0x70,0x20,0x76,0x65,
    0x63,0x34,0x20,0x66,0x72,0x61,0x67,0x5f,0x63,0x6f,0x6c,0x6f,0x72,0x3b,0x0a,0x69,
    0x6e,0x20,0x68,0x69,0x67,0x68,0x70,0x20,0x76,0x65,0x63,0x34,0x20,0x76,0x5f,0x63,
    0x6f,0x6c,0x6f,0x72,0x3b,0x0a,0x0a,0x76,0x6f,0x69,0x64,0x20,0x6d,0x61,0x69,0x6e,
    0x28,0x29,0x0a,0x7b,0x0a,0x20,0x20,0x20,0x20,0x66,0x72,0x61,0x67,0x5f,0x63,0x6f,
    0x6c,0x6f,0x72,0x20,0x3d,0x20,0x76,0x5f,0x63,0x6f,0x6c,0x6f,0x72,0x3b,0x0a,0x7d,
    0x0a,0x0a,0x00,
};
/*
    #version 300 es

    void main()
    {
        gl_Position = vec4((vec2(float((gl_VertexID << 1) & 2), float(gl_VertexID & 2)) * 2.0) - vec2(1.0), 0.0, 1.0);
    }

*/
static const uint8_t oe_fsq_vs_source_glsl300es[150] = {
    0x23,0x76,0x65,0x72,0x73,0x69,0x6f,0x6e,0x20,0x33,0x30,0x30,0x20,0x65,0x73,0x0a,
    0x0a,0x76,0x6f,0x69,0x64,0x20,0x6d,0x61,0x69,0x6e,0x28,0x29,0x0a,0x7b,0x0a,0x20,
    0x20,0x20,0x20,0x67,0x6c,0x5f,0x50,0x6f,0x73,0x69,0x74,0x69,0x6f,0x6e,0x20,0x3d,
    0x20,0x76,0x65,0x63,0x34,0x28,0x28,0x76,0x65,0x63,0x32,0x28,0x66,0x6c,0x6f,0x61,
    0x74,0x28,0x28,0x67,0x6c,0x5f,0x56,0x65,0x72,0x74,0x65,0x78,0x49,0x44,0x20,0x3c,
    0x3c,0x20,0x31,0x29,0x20,0x26,0x20,0x32,0x29,0x2c,0x20,0x66,0x6c,0x6f,0x61,0x74,
    0x28,0x67,0x6c,0x5f,0x56,0x65,0x72,0x74,0x65,0x78,0x49,0x44,0x20,0x26,0x20,0x32,
    0x29,0x29,0x20,0x2a,0x20,0x32,0x2e,0x30,0x29,0x20,0x2d,0x20,0x76,0x65,0x63,0x32,
    0x28,0x31,0x2e,0x30,0x29,0x2c,0x20,0x30,0x2e,0x30,0x2c,0x20,0x31,0x2e,0x30,0x29,
    0x3b,0x0a,0x7d,0x0a,0x0a,0x00,
};
/*
    #version 300 es
    precision mediump float;
    precision highp int;

    uniform highp vec4 composite_params[2];
    uniform highp sampler2D scene_tex_scene_smp;
    uniform highp sampler2D mask_tex_mask_smp;

    layout(location = 0) out highp vec4 frag_color;

    void main()
    {
        highp vec2 _24 = gl_FragCoord.xy / composite_params[0].xy;
        highp vec3 c = texture(scene_tex_scene_smp, _24).xyz;
        if (composite_params[1].w > 0.0)
        {
            ivec2 _61 = textureSize(mask_tex_mask_smp, 0);
            ivec2 _67 = ivec2(_24 * vec2(_61));
            if (texelFetch(mask_tex_mask_smp, _67, 0).x < 0.5)
            {
                bool edge = false;
                for (int dy = -2; dy <= 2; dy++)
                {
                    for (int dx = -2; dx <= 2; dx++)
                    {
                        bool _125;
                        if (!edge)
                        {
                            _125 = texelFetch(mask_tex_mask_smp, clamp(_67 + ivec2(dx, dy), ivec2(0), _61 - ivec2(1)), 0).x > 0.5;
                        }
                        else
                        {
                            _125 = edge;
                        }
                        edge = _125;
                    }
                }
                if (edge)
                {
                    c = composite_params[1].xyz;
                }
            }
        }
        frag_color = vec4(c, 1.0);
    }

*/
static const uint8_t oe_composite_fs_source_glsl300es[1294] = {
    0x23,0x76,0x65,0x72,0x73,0x69,0x6f,0x6e,0x20,0x33,0x30,0x30,0x20,0x65,0x73,0x0a,
    0x70,0x72,0x65,0x63,0x69,0x73,0x69,0x6f,0x6e,0x20,0x6d,0x65,0x64,0x69,0x75,0x6d,
    0x70,0x20,0x66,0x6c,0x6f,0x61,0x74,0x3b,0x0a,0x70,0x72,0x65,0x63,0x69,0x73,0x69,
    0x6f,0x6e,0x20,0x68,0x69,0x67,0x68,0x70,0x20,0x69,0x6e,0x74,0x3b,0x0a,0x0a,0x75,
    0x6e,0x69,0x66,0x6f,0x72,0x6d,0x20,0x68,0x69,0x67,0x68,0x70,0x20,0x76,0x65,0x63,
    0x34,0x20,0x63,0x6f,0x6d,0x70,0x6f,0x73,0x69,0x74,0x65,0x5f,0x70,0x61,0x72,0x61,
    0x6d,0x73,0x5b,0x32,0x5d,0x3b,0x0a,0x75,0x6e,0x69,0x66,0x6f,0x72,0x6d,0x20,0x68,
    0x69,0x67,0x68,0x70,0x20,0x73,0x61,0x6d,0x70,0x6c,0x65,0x72,0x32,0x44,0x20,0x73,
    0x63,0x65,0x6e,0x65,0x5f,0x74,0x65,0x78,0x5f,0x73,0x63,0x65,0x6e,0x65,0x5f,0x73,
    0x6d,0x70,0x3b,0x0a,0x75,0x6e,0x69,0x66,0x6f,0x72,0x6d,0x20,0x68,0x69,0x67,0x68,
    0x70,0x20,0x73,0x61,0x6d,0x70,0x6c,0x65,0x72,0x32,0x44,0x20,0x6d,0x61,0x73,0x6b,
    0x5f,0x74,0x65,0x78,0x5f,0x6d,0x61,0x73,0x6b,0x5f,0x73,0x6d,0x70,0x3b,0x0a,0x0a,
    0x6c,0x61,0x79,0x6f,0x75,0x74,0x28,0x6c,0x6f,0x63,0x61,0x74,0x69,0x6f,0x6e,0x20,
    0x3d,0x20,0x30,0x29,0x20,0x6f,0x75,0x74,0x20,0x68,0x69,0x67,0x68,0x70,0x20,0x76,
    0x65,0x63,0x34,0x20,0x66,0x72,0x61,0x67,0x5f,0x63,0x6f,0x6c,0x6f,0x72,0x3b,0x0a,
    0x0a,0x76,0x6f,0x69,0x64,0x20,0x6d,0x61,0x69,0x6e,0x28,0x29,0x0a,0x7b,0x0a,0x20,
    0x20,0x20,0x20,0x68,0x69,0x67,0x68,0x70,0x20,0x76,0x65,0x63,0x32,0x20,0x5f,0x32,
    0x34,0x20,0x3d,0x20,0x67,0x6c,0x5f,0x46,0x72,0x61,0x67,0x43,0x6f,0x6f,0x72,0x64,
    0x2e,0x78,0x79,0x20,0x2f,0x20,0x63,0x6f,0x6d,0x70,0x6f,0x73,0x69,0x74,0x65,0x5f,
    0x70,0x61,0x72,0x61,0x6d,0x73,0x5b,0x30,0x5d,0x2e,0x78,0x79,0x3b,0x0a,0x20,0x20,
    0x20,0x20,0x68,0x69,0x67,0x68,0x70,0x20,0x76,0x65,0x63,0x33,0x20,0x63,0x20,0x3d,
    0x20,0x74,0x65,0x78,0x74,0x75,0x72,0x65,0x28,0x73,0x63,0x65,0x6e,0x65,0x5f,0x74,
    0x65,0x78,0x5f,0x73,0x63,0x65,0x6e,0x65,0x5f,0x73,0x6d,0x70,0x2c,0x20,0x5f,0x32,
    0x34,0x29,0x2e,0x78,0x79,0x7a,0x3b,0x0a,0x20,0x20,0x20,0x20,0x69,0x66,0x20,0x28,
    0x63,0x6f,0x6d,0x70,0x6f,0x73,0x69,0x74,0x65,0x5f,0x70,0x61,0x72,0x61,0x6d,0x73,
    0x5b,0x31,0x5d,0x2e,0x77,0x20,0x3e,0x20,0x30,0x2e,0x30,0x29,0x0a,0x20,0x20,0x20,
    0x20,0x7b,0x0a,0x20,0x20,0x20,0x20,0x20,0x20,0x20,0x20,0x69,0x76,0x65,0x63,0x32,
    0x20,0x5f,0x36,0x31,0x20,0x3d,0x20,0x74,0x65,0x78,0x74,0x75,0x72,0x65,0x53,0x69,
    0x7a,0x65,0x28,0x6d,0x61,0x73,0x6b,0x5f,0x74,0x65,0x78,0x5f,0x6d,0x61,0x73,0x6b,
    0x5f,0x73,0x6d,0x70,0x2c,0x20,0x30,0x29,0x3b,0x0a,0x20,0x20,0x20,0x20,0x20,0x20,
    0x20,0x20,0x69,0x76,0x65,0x63,0x32,0x20,0x5f,0x36,0x37,0x20,0x3d,0x20,0x69,0x76,
    0x65,0x63,0x32,0x28,0x5f,0x32,0x34,0x20,0x2a,0x20,0x76,0x65,0x63,0x32,0x28,0x5f,
    0x36,0x31,0x29,0x29,0x3b,0x0a,0x20,0x20,0x20,0x20,0x20,0x20,0x20,0x20,0x69,0x66,
    0x20,0x28,0x74,0x65,0x78,0x65,0x6c,0x46,0x65,0x74,0x63,0x68,0x28,0x6d,0x61,0x73,
    0x6b,0x5f,0x74,0x65,0x78,0x5f,0x6d,0x61,0x73,0x6b,0x5f,0x73,0x6d,0x70,0x2c,0x20,
    0x5f,0x36,0x37,0x2c,0x20,0x30,0x29,0x2e,0x78,0x20,0x3c,0x20,0x30,0x2e,0x35,0x29,
    0x0a,0x20,0x20,0x20,0x20,0x20,0x20,0x20,0x20,0x7b,0x0a,0x20,0x20,0x20,0x20,0x20,
    0x20,0x20,0x20,0x20,0x20,0x20,0x20,0x62,0x6f,0x6f,0x6c,0x20,0x65,0x64,0x67,0x65,
    0x20,0x3d,0x20,0x66,0x61,0x6c,0x73,0x65,0x3b,0x0a,0x20,0x20,0x20,0x20,0x20,0x20,
    0x20,0x20,0x20,0x20,0x20,0x20,0x66,0x6f,0x72,0x20,0x28,0x69,0x6e,0x74,0x20,0x64,
    0x79,0x20,0x3d,0x20,0x2d,0x32,0x3b,0x20,0x64,0x79,0x20,0x3c,0x3d,0x20,0x32,0x3b,
    0x20,0x64,0x79,0x2b,0x2b,0x29,0x0a,0x20,0x20,0x20,0x20,0x20,0x20,0x20,0x20,0x20,
    0x20,0x20,0x20,0x7b,0x0a,0x20,0x20,0x20,0x20,0x20,0x20,0x20,0x20,0x20,0x20,0x20,
    0x20,0x20,0x20,0x20,0x20,0x66,0x6f,0x72,0x20,0x28,0x69,0x6e,0x74,0x20,0x64,0x78,
    0x20,0x3d,0x20,0x2d,0x32,0x3b,0x20,0x64,0x78,0x20,0x3c,0x3d,0x20,0x32,0x3b,0x20,
    0x64,0x78,0x2b,0x2b,0x29,0x0a,0x20,0x20,0x20,0x20,0x20,0x20,0x20,0x20,0x20,0x20,
    0x20,0x20,0x20,0x20,0x20,0x20,0x7b,0x0a,0x20,0x20,0x20,0x20,0x20,0x20,0x20,0x20,
    0x20,0x20,0x20,0x20,0x20,0x20,0x20,0x20,0x20,0x20,0x20,0x20,0x62,0x6f,0x6f,0x6c,
    0x20,0x5f,0x31,0x32,0x35,0x3b,0x0a,0x20,0x20,0x20,0x20,0x20,0x20,0x20,0x20,0x20,
    0x20,0x20,0x20,0x20,0x20,0x20,0x20,0x20,0x20,0x20,0x20,0x69,0x66,0x20,0x28,0x21,
    0x65,0x64,0x67,0x65,0x29,0x0a,0x20,0x20,0x20,0x20,0x20,0x20,0x20,0x20,0x20,0x20,
    0x20,0x20,0x20,0x20,0x20,0x20,0x20,0x20,0x20,0x20,0x7b,0x0a,0x20,0x20,0x20,0x20,
    0x20,0x20,0x20,0x20,0x20,0x20,0x20,0x20,0x20,0x20,0x20,0x20,0x20,0x20,0x20,0x20,
    0x20,0x20,0x20,0x20,0x5f,0x31,0x32,0x35,0x20,0x3d,0x20,0x74,0x65,0x78,0x65,0x6c,
    0x46,0x65,0x74,0x63,0x68,0x28,0x6d,0x61,0x73,0x6b,0x5f,0x74,0x65,0x78,0x5f,0x6d,
    0x61,0x73,0x6b,0x5f,0x73,0x6d,0x70,0x2c,0x20,0x63,0x6c,0x61,0x6d,0x70,0x28,0x5f,
    0x36,0x37,0x20,0x2b,0x20,0x69,0x76,0x65,0x63,0x32,0x28,0x64,0x78,0x2c,0x20,0x64,
    0x79,0x29,0x2c,0x20,0x69,0x76,0x65,0x63,0x32,0x28,0x30,0x29,0x2c,0x20,0x5f,0x36,
    0x31,0x20,0x2d,0x20,0x69,0x76,0x65,0x63,0x32,0x28,0x31,0x29,0x29,0x2c,0x20,0x30,
    0x29,0x2e,0x78,0x20,0x3e,0x20,0x30,0x2e,0x35,0x3b,0x0a,0x20,0x20,0x20,0x20,0x20,
    0x20,0x20,0x20,0x20,0x20,0x20,0x20,0x20,0x20,0x20,0x20,0x20,0x20,0x20,0x20,0x7d,
    0x0a,0x20,0x20,0x20,0x20,0x20,0x20,0x20,0x20,0x20,0x20,0x20,0x20,0x20,0x20,0x20,
    0x20,0x20,0x20,0x20,0x20,0x65,0x6c,0x73,0x65,0x0a,0x20,0x20,0x20,0x20,0x20,0x20,
    0x20,0x20,0x20,0x20,0x20,0x20,0x20,0x20,0x20,0x20,0x20,0x20,0x20,0x20,0x7b,0x0a,
    0x20,0x20,0x20,0x20,0x20,0x20,0x20,0x20,0x20,0x20,0x20,0x20,0x20,0x20,0x20,0x20,
    0x20,0x20,0x20,0x20,0x20,0x20,0x20,0x20,0x5f,0x31,0x32,0x35,0x20,0x3d,0x20,0x65,
    0x64,0x67,0x65,0x3b,0x0a,0x20,0x20,0x20,0x20,0x20,0x20,0x20,0x20,0x20,0x20,0x20,
    0x20,0x20,0x20,0x20,0x20,0x20,0x20,0x20,0x20,0x7d,0x0a,0x20,0x20,0x20,0x20,0x20,
    0x20,0x20,0x20,0x20,0x20,0x20,0x20,0x20,0x20,0x20,0x20,0x20,0x20,0x20,0x20,0x65,
    0x64,0x67,0x65,0x20,0x3d,0x20,0x5f,0x31,0x32,0x35,0x3b,0x0a,0x20,0x20,0x20,0x20,
    0x20,0x20,0x20,0x20,0x20,0x20,0x20,0x20,0x20,0x20,0x20,0x20,0x7d,0x0a,0x20,0x20,
    0x20,0x20,0x20,0x20,0x20,0x20,0x20,0x20,0x20,0x20,0x7d,0x0a,0x20,0x20,0x20,0x20,
    0x20,0x20,0x20,0x20,0x20,0x20,0x20,0x20,0x69,0x66,0x20,0x28,0x65,0x64,0x67,0x65,
    0x29,0x0a,0x20,0x20,0x20,0x20,0x20,0x20,0x20,0x20,0x20,0x20,0x20,0x20,0x7b,0x0a,
    0x20,0x20,0x20,0x20,0x20,0x20,0x20,0x20,0x20,0x20,0x20,0x20,0x20,0x20,0x20,0x20,
    0x63,0x20,0x3d,0x20,0x63,0x6f,0x6d,0x70,0x6f,0x73,0x69,0x74,0x65,0x5f,0x70,0x61,
    0x72,0x61,0x6d,0x73,0x5b,0x31,0x5d,0x2e,0x78,0x79,0x7a,0x3b,0x0a,0x20,0x20,0x20,
    0x20,0x20,0x20,0x20,0x20,0x20,0x20,0x20,0x20,0x7d,0x0a,0x20,0x20,0x20,0x20,0x20,
    0x20,0x20,0x20,0x7d,0x0a,0x20,0x20,0x20,0x20,0x7d,0x0a,0x20,0x20,0x20,0x20,0x66,
    0x72,0x61,0x67,0x5f,0x63,0x6f,0x6c,0x6f,0x72,0x20,0x3d,0x20,0x76,0x65,0x63,0x34,
    0x28,0x63,0x2c,0x20,0x31,0x2e,0x30,0x29,0x3b,0x0a,0x7d,0x0a,0x0a,0x00,
};
/*
    cbuffer mesh_vs_params : register(b0)
    {
        row_major float4x4 _13_view_proj : packoffset(c0);
        row_major float4x4 _13_model : packoffset(c4);
        row_major float4x4 _13_normal_mat : packoffset(c8);
    };


    static float4 gl_Position;
    static float3 position;
    static float3 v_wpos;
    static float3 v_nrm;
    static float3 normal;
    static float2 v_uv;
    static float2 texcoord;

    struct SPIRV_Cross_Input
    {
        float3 position : TEXCOORD0;
        float3 normal : TEXCOORD1;
        float2 texcoord : TEXCOORD2;
    };

    struct SPIRV_Cross_Output
    {
        float3 v_wpos : TEXCOORD0;
        float3 v_nrm : TEXCOORD1;
        float2 v_uv : TEXCOORD2;
        float4 gl_Position : SV_Position;
    };

    void vert_main()
    {
        float4 _28 = mul(float4(position, 1.0f), _13_model);
        v_wpos = _28.xyz;
        v_nrm = mul(float4(normal, 0.0f), _13_normal_mat).xyz;
        v_uv = texcoord;
        gl_Position = mul(_28, _13_view_proj);
        gl_Position.z = (gl_Position.z + gl_Position.w) * 0.5;
    }

    SPIRV_Cross_Output main(SPIRV_Cross_Input stage_input)
    {
        position = stage_input.position;
        normal = stage_input.normal;
        texcoord = stage_input.texcoord;
        vert_main();
        SPIRV_Cross_Output stage_output;
        stage_output.gl_Position = gl_Position;
        stage_output.v_wpos = v_wpos;
        stage_output.v_nrm = v_nrm;
        stage_output.v_uv = v_uv;
        return stage_output;
    }
*/
static const uint8_t oe_mesh_vs_source_hlsl5[1325] = {
    0x63,0x62,0x75,0x66,0x66,0x65,0x72,0x20,0x6d,0x65,0x73,0x68,0x5f,0x76,0x73,0x5f,
    0x70,0x61,0x72,0x61,0x6d,0x73,0x20,0x3a,0x20,0x72,0x65,0x67,0x69,0x73,0x74,0x65,
    0x72,0x28,0x62,0x30,0x29,0x0a,0x7b,0x0a,0x20,0x20,0x20,0x20,0x72,0x6f,0x77,0x5f,
    0x6d,0x61,0x6a,0x6f,0x72,0x20,0x66,0x6c,0x6f,0x61,0x74,0x34,0x78,0x34,0x20,0x5f,
    0x31,0x33,0x5f,0x76,0x69,0x65,0x77,0x5f,0x70,0x72,0x6f,0x6a,0x20,0x3a,0x20,0x70,
    0x61,0x63,0x6b,0x6f,0x66,0x66,0x73,0x65,0x74,0x28,0x63,0x30,0x29,0x3b,0x0a,0x20,
    0x20,0x20,0x20,0x72,0x6f,0x77,0x5f,0x6d,0x61,0x6a,0x6f,0x72,0x20,0x66,0x6c,0x6f,
    0x61,0x74,0x34,0x78,0x34,0x20,0x5f,0x31,0x33,0x5f,0x6d,0x6f,0x64,0x65,0x6c,0x20,
    0x3a,0x20,0x70,0x61,0x63,0x6b,0x6f,0x66,0x66,0x73,0x65,0x74,0x28,0x63,0x34,0x29,
    0x3b,0x0a,0x20,0x20,0x20,0x20,0x72,0x6f,0x77,0x5f,0x6d,0x61,0x6a,0x6f,0x72,0x20,
    0x66,0x6c,0x6f,0x61,0x74,0x34,0x78,0x34,0x20,0x5f,0x31,0x33,0x5f,0x6e,0x6f,0x72,
    0x6d,0x61,0x6c,0x5f,0x6d,0x61,0x74,0x20,0x3a,0x20,0x70,0x61,0x63,0x6b,0x6f,0x66,
    0x66,0x73,0x65,0x74,0x28,0x63,0x38,0x29,0x3b,0x0a,0x7d,0x3b,0x0a,0x0a,0x0a,0x73,
    0x74,0x61,0x74,0x69,0x63,0x20,0x66,0x6c,0x6f,0x61,0x74,0x34,0x20,0x67,0x6c,0x5f,
    0x50,0x6f,0x73,0x69,0x74,0x69,0x6f,0x6e,0x3b,0x0a,0x73,0x74,0x61,0x74,0x69,0x63,
    0x20,0x66,0x6c,0x6f,0x61,0x74,0x33,0x20,0x70,0x6f,0x73,0x69,0x74,0x69,0x6f,0x6e,
    0x3b,0x0a,0x73,0x74,0x61,0x74,0x69,0x63,0x20,0x66,0x6c,0x6f,0x61,0x74,0x33,0x20,
    0x76,0x5f,0x77,0x70,0x6f,0x73,0x3b,0x0a,0x73,0x74,0x61,0x74,0x69,0x63,0x20,0x66,
    0x6c,0x6f,0x61,0x74,0x33,0x20,0x76,0x5f,0x6e,0x72,0x6d,0x3b,0x0a,0x73,0x74,0x61,
    0x74,0x69,0x63,0x20,0x66,0x6c,0x6f,0x61,0x74,0x33,0x20,0x6e,0x6f,0x72,0x6d,0x61,
    0x6c,0x3b,0x0a,0x73,0x74,0x61,0x74,0x69,0x63,0x20,0x66,0x6c,0x6f,0x61,0x74,0x32,
    0x20,0x76,0x5f,0x75,0x76,0x3b,0x0a,0x73,0x74,0x61,0x74,0x69,0x63,0x20,0x66,0x6c,
    0x6f,0x61,0x74,0x32,0x20,0x74,0x65,0x78,0x63,0x6f,0x6f,0x72,0x64,0x3b,0x0a,0x0a,
    0x73,0x74,0x72,0x75,0x63,0x74,0x20,0x53,0x50,0x49,0x52,0x56,0x5f,0x43,0x72,0x6f,
    0x73,0x73,0x5f,0x49,0x6e,0x70,0x75,0x74,0x0a,0x7b,0x0a,0x20,0x20,0x20,0x20,0x66,
    0x6c,0x6f,0x61,0x74,0x33,0x20,0x70,0x6f,0x73,0x69,0x74,0x69,0x6f,0x6e,0x20,0x3a,
    0x20,0x54,0x45,0x58,0x43,0x4f,0x4f,0x52,0x44,0x30,0x3b,0x0a,0x20,0x20,0x20,0x20,
    0x66,0x6c,0x6f,0x61,0x74,0x33,0x20,0x6e,0x6f,0x72,0x6d,0x61,0x6c,0x20,0x3a,0x20,
    0x54,0x45,0x58,0x43,0x4f,0x4f,0x52,0x44,0x31,0x3b,0x0a,0x20,0x20,0x20,0x20,0x66,
    0x6c,0x6f,0x61,0x74,0x32,0x20,0x74,0x65,0x78,0x63,0x6f,0x6f,0x72,0x64,0x20,0x3a,
    0x20,0x54,0x45,0x58,0x43,0x4f,0x4f,0x52,0x44,0x32,0x3b,0x0a,0x7d,0x3b,0x0a,0x0a,
    0x73,0x74,0x72,0x75,0x63,0x74,0x20,0x53,0x50,0x49,0x52,0x56,0x5f,0x43,0x72,0x6f,
    0x73,0x73,0x5f,0x4f,0x75,0x74,0x70,0x75,0x74,0x0a,0x7b,0x0a,0x20,0x20,0x20,0x20,
    0x66,0x6c,0x6f,0x61,0x74,0x33,0x20,0x76,0x5f,0x77,0x70,0x6f,0x73,0x20,0x3a,0x20,
    0x54,0x45,0x58,0x43,0x4f,0x4f,0x52,0x44,0x30,0x3b,0x0a,0x20,0x20,0x20,0x20,0x66,
    0x6c,0x6f,0x61,0x74,0x33,0x20,0x76,0x5f,0x6e,0x72,0x6d,0x20,0x3a,0x20,0x54,0x45,
    0x58,0x43,0x4f,0x4f,0x52,0x44,0x31,0x3b,0x0a,0x20,0x20,0x20,0x20,0x66,0x6c,0x6f,
    0x61,0x74,0x32,0x20,0x76,0x5f,0x75,0x76,0x20,0x3a,0x20,0x54,0x45,0x58,0x43,0x4f,
    0x4f,0x52,0x44,0x32,0x3b,0x0a,0x20,0x20,0x20,0x20,0x66,0x6c,0x6f,0x61,0x74,0x34,
    0x20,0x67,0x6c,0x5f,0x50,0x6f,0x73,0x69,0x74,0x69,0x6f,0x6e,0x20,0x3a,0x20,0x53,
    0x56,0x5f,0x50,0x6f,0x73,0x69,0x74,0x69,0x6f,0x6e,0x3b,0x0a,0x7d,0x3b,0x0a,0x0a,
    0x76,0x6f,0x69,0x64,0x20,0x76,0x65,0x72,0x74,0x5f,0x6d,0x61,0x69,0x6e,0x28,0x29,
    0x0a,0x7b,0x0a,0x20,0x20,0x20,0x20,0x66,0x6c,0x6f,0x61,0x74,0x34,0x20,0x5f,0x32,
    0x38,0x20,0x3d,0x20,0x6d,0x75,0x6c,0x28,0x66,0x6c,0x6f,0x61,0x74,0x34,0x28,0x70,
    0x6f,0x73,0x69,0x74,0x69,0x6f,0x6e,0x2c,0x20,0x31,0x2e,0x30,0x66,0x29,0x2c,0x20,
    0x5f,0x31,0x33,0x5f,0x6d,0x6f,0x64,0x65,0x6c,0x29,0x3b,0x0a,0x20,0x20,0x20,0x20,
    0x76,0x5f,0x77,0x70,0x6f,0x73,0x20,0x3d,0x20,0x5f,0x32,0x38,0x2e,0x78,0x79,0x7a,
    0x3b,0x0a,0x20,0x20,0x20,0x20,0x76,0x5f,0x6e,0x72,0x6d,0x20,0x3d,0x20,0x6d,0x75,
    0x6c,0x28,0x66,0x6c,0x6f,0x61,0x74,0x34,0x28,0x6e,0x6f,0x72,0x6d,0x61,0x6c,0x2c,
    0x20,0x30,0x2e,0x30,0x66,0x29,0x2c,0x20,0x5f,0x31,0x33,0x5f,0x6e,0x6f,0x72,0x6d,
    0x61,0x6c,0x5f,0x6d,0x61,0x74,0x29,0x2e,0x78,0x79,0x7a,0x3b,0x0a,0x20,0x20,0x20,
    0x20,0x76,0x5f,0x75,0x76,0x20,0x3d,0x20,0x74,0x65,0x78,0x63,0x6f,0x6f,0x72,0x64,
    0x3b,0x0a,0x20,0x20,0x20,0x20,0x67,0x6c,0x5f,0x50,0x6f,0x73,0x69,0x74,0x69,0x6f,
    0x6e,0x20,0x3d,0x20,0x6d,0x75,0x6c,0x28,0x5f,0x32,0x38,0x2c,0x20,0x5f,0x31,0x33,
    0x5f,0x76,0x69,0x65,0x77,0x5f,0x70,0x72,0x6f,0x6a,0x29,0x3b,0x0a,0x20,0x20,0x20,
    0x20,0x67,0x6c,0x5f,0x50,0x6f,0x73,0x69,0x74,0x69,0x6f,0x6e,0x2e,0x7a,0x20,0x3d,
    0x20,0x28,0x67,0x6c,0x5f,0x50,0x6f,0x73,0x69,0x74,0x69,0x6f,0x6e,0x2e,0x7a,0x20,
    0x2b,0x20,0x67,0x6c,0x5f,0x50,0x6f,0x73,0x69,0x74,0x69,0x6f,0x6e,0x2e,0x77,0x29,
    0x20,0x2a,0x20,0x30,0x2e,0x35,0x3b,0x0a,0x7d,0x0a,0x0a,0x53,0x50,0x49,0x52,0x56,
    0x5f,0x43,0x72,0x6f,0x73,0x73,0x5f,0x4f,0x75,0x74,0x70,0x75,0x74,0x20,0x6d,0x61,
    0x69,0x6e,0x28,0x53,0x50,0x49,0x52,0x56,0x5f,0x43,0x72,0x6f,0x73,0x73,0x5f,0x49,
    0x6e,0x70,0x75,0x74,0x20,0x73,0x74,0x61,0x67,0x65,0x5f,0x69,0x6e,0x70,0x75,0x74,
    0x29,0x0a,0x7b,0x0a,0x20,0x20,0x20,0x20,0x70,0x6f,0x73,0x69,0x74,0x69,0x6f,0x6e,
    0x20,0x3d,0x20,0x73,0x74,0x61,0x67,0x65,0x5f,0x69,0x6e,0x70,0x75,0x74,0x2e,0x70,
    0x6f,0x73,0x69,0x74,0x69,0x6f,0x6e,0x3b,0x0a,0x20,0x20,0x20,0x20,0x6e,0x6f,0x72,
    0x6d,0x61,0x6c,0x20,0x3d,0x20,0x73,0x74,0x61,0x67,0x65,0x5f,0x69,0x6e,0x70,0x75,
    0x74,0x2e,0x6e,0x6f,0x72,0x6d,0x61,0x6c,0x3b,0x0a,0x20,0x20,0x20,0x20,0x74,0x65,
    0x78,0x63,0x6f,0x6f,0x72,0x64,0x20,0x3d,0x20,0x73,0x74,0x61,0x67,0x65,0x5f,0x69,
    0x6e,0x70,0x75,0x74,0x2e,0x74,0x65,0x78,0x63,0x6f,0x6f,0x72,0x64,0x3b,0x0a,0x20,
    0x20,0x20,0x20,0x76,0x65,0x72,0x74,0x5f,0x6d,0x61,0x69,0x6e,0x28,0x29,0x3b,0x0a,
    0x20,0x20,0x20,0x20,0x53,0x50,0x49,0x52,0x56,0x5f,0x43,0x72,0x6f,0x73,0x73,0x5f,
    0x4f,0x75,0x74,0x70,0x75,0x74,0x20,0x73,0x74,0x61,0x67,0x65,0x5f,0x6f,0x75,0x74,
    0x70,0x75,0x74,0x3b,0x0a,0x20,0x20,0x20,0x20,0x73,0x74,0x61,0x67,0x65,0x5f,0x6f,
    0x75,0x74,0x70,0x75,0x74,0x2e,0x67,0x6c,0x5f,0x50,0x6f,0x73,0x69,0x74,0x69,0x6f,
    0x6e,0x20,0x3d,0x20,0x67,0x6c,0x5f,0x50,0x6f,0x73,0x69,0x74,0x69,0x6f,0x6e,0x3b,
    0x0a,0x20,0x20,0x20,0x20,0x73,0x74,0x61,0x67,0x65,0x5f,0x6f,0x75,0x74,0x70,0x75,
    0x74,0x2e,0x76,0x5f,0x77,0x70,0x6f,0x73,0x20,0x3d,0x20,0x76,0x5f,0x77,0x70,0x6f,
    0x73,0x3b,0x0a,0x20,0x20,0x20,0x20,0x73,0x74,0x61,0x67,0x65,0x5f,0x6f,0x75,0x74,
    0x70,0x75,0x74,0x2e,0x76,0x5f,0x6e,0x72,0x6d,0x20,0x3d,0x20,0x76,0x5f,0x6e,0x72,
    0x6d,0x3b,0x0a,0x20,0x20,0x20,0x20,0x73,0x74,0x61,0x67,0x65,0x5f,0x6f,0x75,0x74,
    0x70,0x75,0x74,0x2e,0x76,0x5f,0x75,0x76,0x20,0x3d,0x20,0x76,0x5f,0x75,0x76,0x3b,
    0x0a,0x20,0x20,0x20,0x20,0x72,0x65,0x74,0x75,0x72,0x6e,0x20,0x73,0x74,0x61,0x67,
    0x65,0x5f,0x6f,0x75,0x74,0x70,0x75,0x74,0x3b,0x0a,0x7d,0x0a,0x00,
};
/*
    cbuffer mesh_lights : register(b2)
    {
        row_major float4x4 _27_shadow_vp : packoffset(c0);
        float4 _27_ambient : packoffset(c4);
        float4 _27_counts : packoffset(c5);
        float4 _27_shadow_params : packoffset(c6);
        float4 _27_dir_dir[4] : packoffset(c7);
        float4 _27_dir_color[4] : packoffset(c11);
        float4 _27_point_pos[16] : packoffset(c15);
        float4 _27_point_color[16] : packoffset(c31);
    };

    cbuffer mesh_material : register(b1)
    {
        float4 _184_base_color : packoffset(c0);
        float4 _184_flags : packoffset(c1);
    };

    Texture2D<float4> shadow_tex : register(t1);
    SamplerComparisonState shadow_smp : register(s1);
    Texture2D<float4> base_tex : register(t0);
    SamplerState base_smp : register(s0);

    static float2 v_uv;
    static float4 frag_color;
    static float3 v_nrm;
    static float3 v_wpos;

    struct SPIRV_Cross_Input
    {
        float3 v_wpos : TEXCOORD0;
        float3 v_nrm : TEXCOORD1;
        float2 v_uv : TEXCOORD2;
    };

    struct SPIRV_Cross_Output
    {
        float4 frag_color : SV_Target0;
    };

    float shadow_lit(float3 wpos, float3 n)
    {
        float4 _49 = mul(float4(wpos + (n * (_27_shadow_params.x * 1.5f)), 1.0f), _27_shadow_vp);
        float3 _58 = _49.xyz / _49.w.xxx;
        float _66 = (_58.x * 0.5f) + 0.5f;
        float _72 = 0.5f - (_58.y * 0.5f);
        float2 _394 = float2(_66, _72);
        float _79 = (_58.z * 0.5f) + 0.5f;
        bool _84 = _66 < 0.0f;
        bool _91;
        if (!_84)
        {
            _91 = _66 > 1.0f;
        }
        else
        {
            _91 = _84;
        }
        bool _98;
        if (!_91)
        {
            _98 = _72 < 0.0f;
        }
        else
        {
            _98 = _91;
        }
        bool _105;
        if (!_98)
        {
            _105 = _72 > 1.0f;
        }
        else
        {
            _105 = _98;
        }
        if (_105 || (_79 > 1.0f))
        {
            return 1.0f;
        }
        float lit = 0.0f;
        for (int dy = -1; dy <= 1; dy++)
        {
            for (int dx = -1; dx <= 1; dx++)
            {
                float _158 = _79 - _27_shadow_params.z;
                lit += shadow_tex.SampleCmp(shadow_smp, float3(_394 + (float2(float(dx), float(dy)) * _27_shadow_params.y), _158).xy, _158);
            }
        }
        return 1.0f - (_27_counts.w * (1.0f - (lit * 0.111111111938953399658203125f)));
    }

    void frag_main()
    {
        float3 base = _184_base_color.xyz;
        if (_184_flags.y > 0.5f)
        {
            base *= base_tex.Sample(base_smp, v_uv).xyz;
        }
        if (_184_flags.x > 0.5f)
        {
            frag_color = float4(clamp(base, 0.0f.xxx, 1.0f.xxx), 1.0f);
            return;
        }
        float3 _227 = normalize(v_nrm);
        float3 light = _27_ambient.xyz;
        int _235 = int(_27_counts.x);
        float _274;
        for (int i = 0; i < 4; i++)
        {
            if (i >= _235)
            {
                break;
            }
            float _259 = max(0.0f, dot(_227, -_27_dir_dir[i].xyz));
            if (_259 <= 0.0f)
            {
                continue;
            }
            bool _267 = i == 0;
            bool _273;
            if (_267)
            {
                _273 = _27_counts.z > 0.5f;
            }
            else
            {
                _273 = _267;
            }
            if (_273)
            {
                float3 param = v_wpos;
                float3 param_1 = _227;
                _274 = shadow_lit(param, param_1);
            }
            else
            {
                _274 = 1.0f;
            }
            light += (_27_dir_color[i].xyz * (_259 * _274));
        }
        int _301 = int(_27_counts.y);
        for (int i_1 = 0; i_1 < 16; i_1++)
        {
            if (i_1 >= _301)
            {
                break;
            }
            float3 _324 = _27_point_pos[i_1].xyz - v_wpos;
            float _327 = length(_324);
            if ((_327 >= _27_point_pos[i_1].w) || (_327 < 9.9999997473787516355514526367188e-06f))
            {
                continue;
            }
            float _354 = 1.0f - (_327 / _27_point_pos[i_1].w);
            light += (_27_point_color[i_1].xyz * ((max(0.0f, dot(_227, _324 / _327.xxx)) * _354) * _354));
        }
        frag_color = float4(clamp(base * light, 0.0f.xxx, 1.0f.xxx), 1.0f);
    }

    SPIRV_Cross_Output main(SPIRV_Cross_Input stage_input)
    {
        v_uv = stage_input.v_uv;
        v_nrm = stage_input.v_nrm;
        v_wpos = stage_input.v_wpos;
        frag_main();
        SPIRV_Cross_Output stage_output;
        stage_output.frag_color = frag_color;
        return stage_output;
    }
*/
static const uint8_t oe_mesh_fs_source_hlsl5[4120] = {
    0x63,0x62,0x75,0x66,0x66,0x65,0x72,0x20,0x6d,0x65,0x73,0x68,0x5f,0x6c,0x69,0x67,
    0x68,0x74,0x73,0x20,0x3a,0x20,0x72,0x65,0x67,0x69,0x73,0x74,0x65,0x72,0x28,0x62,
    0x32,0x29,0x0a,0x7b,0x0a,0x20,0x20,0x20,0x20,0x72,0x6f,0x77,0x5f,0x6d,0x61,0x6a,
    0x6f,0x72,0x20,0x66,0x6c,0x6f,0x61,0x74,0x34,0x78,0x34,0x20,0x5f,0x32,0x37,0x5f,
    0x73,0x68,0x61,0x64,0x6f,0x77,0x5f,0x76,0x70,0x20,0x3a,0x20,0x70,0x61,0x63,0x6b,
    0x6f,0x66,0x66,0x73,0x65,0x74,0x28,0x63,0x30,0x29,0x3b,0x0a,0x20,0x20,0x20,0x20,
    0x66,0x6c,0x6f,0x61,0x74,0x34,0x20,0x5f,0x32,0x37,0x5f,0x61,0x6d,0x62,0x69,0x65,
    0x6e,0x74,0x20,0x3a,0x20,0x70,0x61,0x63,0x6b,0x6f,0x66,0x66,0x73,0x65,0x74,0x28,
    0x63,0x34,0x29,0x3b,0x0a,0x20,0x20,0x20,0x20,0x66,0x6c,0x6f,0x61,0x74,0x34,0x20,
    0x5f,0x32,0x37,0x5f,0x63,0x6f,0x75,0x6e,0x74,0x73,0x20,0x3a,0x20,0x70,0x61,0x63,
    0x6b,0x6f,0x66,0x66,0x73,0x65,0x74,0x28,0x63,0x35,0x29,0x3b,0x0a,0x20,0x20,0x20,
    0x20,0x66,0x6c,0x6f,0x61,0x74,0x34,0x20,0x5f,0x32,0x37,0x5f,0x73,0x68,0x61,0x64,
    0x6f,0x77,0x5f,0x70,0x61,0x72,0x61,0x6d,0x73,0x20,0x3a,0x20,0x70,0x61,0x63,0x6b,
    0x6f,0x66,0x66,0x73,0x65,0x74,0x28,0x63,0x36,0x29,0x3b,0x0a,0x20,0x20,0x20,0x20,
    0x66,0x6c,0x6f,0x61,0x74,0x34,0x20,0x5f,0x32,0x37,0x5f,0x64,0x69,0x72,0x5f,0x64,
    0x69,0x72,0x5b,0x34,0x5d,0x20,0x3a,0x20,0x70,0x61,0x63,0x6b,0x6f,0x66,0x66,0x73,
    0x65,0x74,0x28,0x63,0x37,0x29,0x3b,0x0a,0x20,0x20,0x20,0x20,0x66,0x6c,0x6f,0x61,
    0x74,0x34,0x20,0x5f,0x32,0x37,0x5f,0x64,0x69,0x72,0x5f,0x63,0x6f,0x6c,0x6f,0x72,
    0x5b,0x34,0x5d,0x20,0x3a,0x20,0x70,0x61,0x63,0x6b,0x6f,0x66,0x66,0x73,0x65,0x74,
    0x28,0x63,0x31,0x31,0x29,0x3b,0x0a,0x20,0x20,0x20,0x20,0x66,0x6c,0x6f,0x61,0x74,
    0x34,0x20,0x5f,0x32,0x37,0x5f,0x70,0x6f,0x69,0x6e,0x74,0x5f,0x70,0x6f,0x73,0x5b,
    0x31,0x36,0x5d,0x20,0x3a,0x20,0x70,0x61,0x63,0x6b,0x6f,0x66,0x66,0x73,0x65,0x74,
    0x28,0x63,0x31,0x35,0x29,0x3b,0x0a,0x20,0x20,0x20,0x20,0x66,0x6c,0x6f,0x61,0x74,
    0x34,0x20,0x5f,0x32,0x37,0x5f,0x70,0x6f,0x69,0x6e,0x74,0x5f,0x63,0x6f,0x6c,0x6f,
    0x72,0x5b,0x31,0x36,0x5d,0x20,0x3a,0x20,0x70,0x61,0x63,0x6b,0x6f,0x66,0x66,0x73,
    0x65,0x74,0x28,0x63,0x33,0x31,0x29,0x3b,0x0a,0x7d,0x3b,0x0a,0x0a,0x63,0x62,0x75,
    0x66,0x66,0x65,0x72,0x20,0x6d,0x65,0x73,0x68,0x5f,0x6d,0x61,0x74,0x65,0x72,0x69,
    0x61,0x6c,0x20,0x3a,0x20,0x72,0x65,0x67,0x69,0x73,0x74,0x65,0x72,0x28,0x62,0x31,
    0x29,0x0a,0x7b,0x0a,0x20,0x20,0x20,0x20,0x66,0x6c,0x6f,0x61,0x74,0x34,0x20,0x5f,
    0x31,0x38,0x34,0x5f,0x62,0x61,0x73,0x65,0x5f,0x63,0x6f,0x6c,0x6f,0x72,0x20,0x3a,
    0x20,0x70,0x61,0x63,0x6b,0x6f,0x66,0x66,0x73,0x65,0x74,0x28,0x63,0x30,0x29,0x3b,
    0x0a,0x20,0x20,0x20,0x20,0x66,0x6c,0x6f,0x61,0x74,0x34,0x20,0x5f,0x31,0x38,0x34,
    0x5f,0x66,0x6c,0x61,0x67,0x73,0x20,0x3a,0x20,0x70,0x61,0x63,0x6b,0x6f,0x66,0x66,
    0x73,0x65,0x74,0x28,0x63,0x31,0x29,0x3b,0x0a,0x7d,0x3b,0x0a,0x0a,0x54,0x65,0x78,
    0x74,0x75,0x72,0x65,0x32,0x44,0x3c,0x66,0x6c,0x6f,0x61,0x74,0x34,0x3e,0x20,0x73,
    0x68,0x61,0x64,0x6f,0x77,0x5f,0x74,0x65,0x78,0x20,0x3a,0x20,0x72,0x65,0x67,0x69,
    0x73,0x74,0x65,0x72,0x28,0x74,0x31,0x29,0x3b,0x0a,0x53,0x61,0x6d,0x70,0x6c,0x65,
    0x72,0x43,0x6f,0x6d,0x70,0x61,0x72,0x69,0x73,0x6f,0x6e,0x53,0x74,0x61,0x74,0x65,
    0x20,0x73,0x68,0x61,0x64,0x6f,0x77,0x5f,0x73,0x6d,0x70,0x20,0x3a,0x20,0x72,0x65,
    0x67,0x69,0x73,0x74,0x65,0x72,0x28,0x73,0x31,0x29,0x3b,0x0a,0x54,0x65,0x78,0x74,
    0x75,0x72,0x65,0x32,0x44,0x3c,0x66,0x6c,0x6f,0x61,0x74,0x34,0x3e,0x20,0x62,0x61,
    0x73,0x65,0x5f,0x74,0x65,0x78,0x20,0x3a,0x20,0x72,0x65,0x67,0x69,0x73,0x74,0x65,
    0x72,0x28,0x74,0x30,0x29,0x3b,0x0a,0x53,0x61,0x6d,0x70,0x6c,0x65,0x72,0x53,0x74,
    0x61,0x74,0x65,0x20,0x62,0x61,0x73,0x65,0x5f,0x73,0x6d,0x70,0x20,0x3a,0x20,0x72,
    0x65,0x67,0x69,0x73,0x74,0x65,0x72,0x28,0x73,0x30,0x29,0x3b,0x0a,0x0a,0x73,0x74,
    0x61,0x74,0x69,0x63,0x20,0x66,0x6c,0x6f,0x61,0x74,0x32,0x20,0x76,0x5f,0x75,0x76,
    0x3b,0x0a,0x73,0x74,0x61,0x74,0x69,0x63,0x20,0x66,0x6c,0x6f,0x61,0x74,0x34,0x20,
    0x66,0x72,0x61,0x67,0x5f,0x63,0x6f,0x6c,0x6f,0x72,0x3b,0x0a,0x73,0x74,0x61,0x74,
    0x69,0x63,0x20,0x66,0x6c,0x6f,0x61,0x74,0x33,0x20,0x76,0x5f,0x6e,0x72,0x6d,0x3b,
    0x0a,0x73,0x74,0x61,0x74,0x69,0x63,0x20,0x66,0x6c,0x6f,0x61,0x74,0x33,0x20,0x76,
    0x5f,0x77,0x70,0x6f,0x73,0x3b,0x0a,0x0a,0x73,0x74,0x72,0x75,0x63,0x74,0x20,0x53,
    0x50,0x49,0x52,0x56,0x5f,0x43,0x72,0x6f,0x73,0x73,0x5f,0x49,0x6e,0x70,0x75,0x74,
    0x0a,0x7b,0x0a,0x20,0x20,0x20,0x20,0x66,0x6c,0x6f,0x61,0x74,0x33,0x20,0x76,0x5f,
    0x77,0x70,0x6f,0x73,0x20,0x3a,0x20,0x54,0x45,0x58,0x43,0x4f,0x4f,0x52,0x44,0x30,
    0x3b,0x0a,0x20,0x20,0x20,0x20,0x66,0x6c,0x6f,0x61,0x74,0x33,0x20,0x76,0x5f,0x6e,
    0x72,0x6d,0x20,0x3a,0x20,0x54,0x45,0x58,0x43,0x4f,0x4f,0x52,0x44,0x31,0x3b,0x0a,
    0x20,0x20,0x20,0x20,0x66,0x6c,0x6f,0x61,0x74,0x32,0x20,0x76,0x5f,0x75,0x76,0x20,
    0x3a,0x20,0x54,0x45,0x58,0x43,0x4f,0x4f,0x52,0x44,0x32,0x3b,0x0a,0x7d,0x3b,0x0a,
    0x0a,0x73,0x74,0x72,0x75,0x63,0x74,0x20,0x53,0x50,0x49,0x52,0x56,0x5f,0x43,0x72,
    0x6f,0x73,0x73,0x5f,0x4f,0x75,0x74,0x70,0x75,0x74,0x0a,0x7b,0x0a,0x20,0x20,0x20,
    0x20,0x66,0x6c,0x6f,0x61,0x74,0x34,0x20,0x66,0x72,0x61,0x67,0x5f,0x63,0x6f,0x6c,
    0x6f,0x72,0x20,0x3a,0x20,0x53,0x56,0x5f,0x54,0x61,0x72,0x67,0x65,0x74,0x30,0x3b,
    0x0a,0x7d,0x3b,0x0a,0x0a,0x66,0x6c,0x6f,0x61,0x74,0x20,0x73,0x68,0x61,0x64,0x6f,
    0x77,0x5f,0x6c,0x69,0x74,0x28,0x66,0x6c,0x6f,0x61,0x74,0x33,0x20,0x77,0x70,0x6f,
    0x73,0x2c,0x20,0x66,0x6c,0x6f,0x61,0x74,0x33,0x20,0x6e,0x29,0x0a,0x7b,0x0a,0x20,
    0x20,0x20,0x20,0x66,0x6c,0x6f,0x61,0x74,0x34,0x20,0x5f,0x34,0x39,0x20,0x3d,0x20,
    0x6d,0x75,0x6c,0x28,0x66,0x6c,0x6f,0x61,0x74,0x34,0x28,0x77,0x70,0x6f,0x73,0x20,
    0x2b,0x20,0x28,0x6e,0x20,0x2a,0x20,0x28,0x5f,0x32,0x37,0x5f,0x73,0x68,0x61,0x64,
    0x6f,0x77,0x5f,0x70,0x61,0x72,0x61,0x6d,0x73,0x2e,0x78,0x20,0x2a,0x20,0x31,0x2e,
    0x35,0x66,0x29,0x29,0x2c,0x20,0x31,0x2e,0x30,0x66,0x29,0x2c,0x20,0x5f,0x32,0x37,
    0x5f,0x73,0x68,0x61,0x64,0x6f,0x77,0x5f,0x76,0x70,0x29,0x3b,0x0a,0x20,0x20,0x20,
    0x20,0x66,0x6c,0x6f,0x61,0x74,0x33,0x20,0x5f,0x35,0x38,0x20,0x3d,0x20,0x5f,0x34,
    0x39,0x2e,0x78,0x79,0x7a,0x20,0x2f,0x20,0x5f,0x34,0x39,0x2e,0x77,0x2e,0x78,0x78,
    0x78,0x3b,0x0a,0x20,0x20,0x20,0x20,0x66,0x6c,0x6f,0x61,0x74,0x20,0x5f,0x36,0x36,
    0x20,0x3d,0x20,0x28,0x5f,0x35,0x38,0x2e,0x78,0x20,0x2a,0x20,0x30,0x2e,0x35,0x66,
    0x29,0x20,0x2b,0x20,0x30,0x2e,0x35,0x66,0x3b,0x0a,0x20,0x20,0x20,0x20,0x66,0x6c,
    0x6f,0x61,0x74,0x20,0x5f,0x37,0x32,0x20,0x3d,0x20,0x30,0x2e,0x35,0x66,0x20,0x2d,
    0x20,0x28,0x5f,0x35,0x38,0x2e,0x79,0x20,0x2a,0x20,0x30,0x2e,0x35,0x66,0x29,0x3b,
    0x0a,0x20,0x20,0x20,0x20,0x66,0x6c,0x6f,0x61,0x74,0x32,0x20,0x5f,0x33,0x39,0x34,
    0x20,0x3d,0x20,0x66,0x6c,0x6f,0x61,0x74,0x32,0x28,0x5f,0x36,0x36,0x2c,0x20,0x5f,
    0x37,0x32,0x29,0x3b,0x0a,0x20,0x20,0x20,0x20,0x66,0x6c,0x6f,0x61,0x74,0x20,0x5f,
    0x37,0x39,0x20,0x3d,0x20,0x28,0x5f,0x35,0x38,0x2e,0x7a,0x20,0x2a,0x20,0x30,0x2e,
    0x35,0x66,0x29,0x20,0x2b,0x20,0x30,0x2e,0x35,0x66,0x3b,0x0a,0x20,0x20,0x20,0x20,
    0x62,0x6f,0x6f,0x6c,0x20,0x5f,0x38,0x34,0x20,0x3d,0x20,0x5f,0x36,0x36,0x20,0x3c,
    0x20,0x30,0x2e,0x30,0x66,0x3b,0x0a,0x20,0x20,0x20,0x20,0x62,0x6f,0x6f,0x6c,0x20,
    0x5f,0x39,0x31,0x3b,0x0a,0x20,0x20,0x20,0x20,0x69,0x66,0x20,0x28,0x21,0x5f,0x38,
    0x34,0x29,0x0a,0x20,0x20,0x20,0x20,0x7b,0x0a,0x20,0x20,0x20,0x20,0x20,0x20,0x20,
    0x20,0x5f,0x39,0x31,0x20,0x3d,0x20,0x5f,0x36,0x36,0x20,0x3e,0x20,0x31,0x2e,0x30,
    0x66,0x3b,0x0a,0x20,0x20,0x20,0x20,0x7d,0x0a,0x20,0x20,0x20,0x20,0x65,0x6c,0x73,
    0x65,0x0a,0x20,0x20,0x20,0x20,0x7b,0x0a,0x20,0x20,0x20,0x20,0x20,0x20,0x20,0x20,
    0x5f,0x39,0x31,0x20,0x3d,0x20,0x5f,0x38,0x34,0x3b,0x0a,0x20,0x20,0x20,0x20,0x7d,
    0x0a,0x20,0x20,0x20,0x20,0x62,0x6f,0x6f,0x6c,0x20,0x5f,0x39,0x38,0x3b,0x0a,0x20,
    0x20,0x20,0x20,0x69,0x66,0x20,0x28,0x21,0x5f,0x39,0x31,0x29,0x0a,0x20,0x20,0x20,
    0x20,0x7b,0x0a,0x20,0x20,0x20,0x20,0x20,0x20,0x20,0x20,0x5f,0x39,0x38,0x20,0x3d,
    0x20,0x5f,0x37,0x32,0x20,0x3c,0x20,0x30,0x2e,0x30,0x66,0x3b,0x0a,0x20,0x20,0x20,
    0x20,0x7d,0x0a,0x20,0x20,0x20,0x20,0x65,0x6c,0x73,0x65,0x0a,0x20,0x20,0x20,0x20,
    0x7b,0x0a,0x20,0x20,0x20,0x20,0x20,0x20,0x20,0x20,0x5f,0x39,0x38,0x20,0x3d,0x20,
    0x5f,0x39,0x31,0x3b,0x0a,0x20,0x20,0x20,0x20,0x7d,0x0a,0x20,0x20,0x20,0x20,0x62,
    0x6f,0x6f,0x6c,0x20,0x5f,0x31,0x30,0x35,0x3b,0x0a,0x20,0x20,0x20,0x20,0x69,0x66,
    0x20,0x28,0x21,0x5f,0x39,0x38,0x29,0x0a,0x20,0x20,0x20,0x20,0x7b,0x0a,0x20,0x20,
    0x20,0x20,0x20,0x20,0x20,0x20,0x5f,0x31,0x30,0x35,0x20,0x3d,0x20,0x5f,0x37,0x32,
    0x20,0x3e,0x20,0x31,0x2e,0x30,0x66,0x3b,0x0a,0x20,0x20,0x20,0x20,0x7d,0x0a,0x20,
    0x20,0x20,0x20,0x65,0x6c,0x73,0x65,0x0a,0x20,0x20,0x20,0x20,0x7b,0x0a,0x20,0x20,
    0x20,0x20,0x20,0x20,0x20,0x20,0x5f,0x31,0x30,0x35,0x20,0x3d,0x20,0x5f,0x39,0x38,
    0x3b,0x0a,0x20,0x20,0x20,0x20,0x7d,0x0a,0x20,0x20,0x20,0x20,0x69,0x66,0x20,0x28,
    0x5f,0x31,0x30,0x35,0x20,0x7c,0x7c,0x20,0x28,0x5f,0x37,0x39,0x20,0x3e,0x20,0x31,
    0x2e,0x30,0x66,0x29,0x29,0x0a,0x20,0x20,0x20,0x20,0x7b,0x0a,0x20,0x20,0x20,0x20,
    0x20,0x20,0x20,0x20,0x72,0x65,0x74,0x75,0x72,0x6e,0x20,0x31,0x2e,0x30,0x66,0x3b,
    0x0a,0x20,0x20,0x20,0x20,0x7d,0x0a,0x20,0x20,0x20,0x20,0x66,0x6c,0x6f,0x61,0x74,
    0x20,0x6c,0x69,0x74,0x20,0x3d,0x20,0x30,0x2e,0x30,0x66,0x3b,0x0a,0x20,0x20,0x20,
    0x20,0x66,0x6f,0x72,0x20,0x28,0x69,0x6e,0x74,0x20,0x64,0x79,0x20,0x3d,0x20,0x2d,
    0x31,0x3b,0x20,0x64,0x79,0x20,0x3c,0x3d,0x20,0x31,0x3b,0x20,0x64,0x79,0x2b,0x2b,
    0x29,0x0a,0x20,0x20,0x20,0x20,0x7b,0x0a,0x20,0x20,0x20,0x20,0x20,0x20,0x20,0x20,
    0x66,0x6f,0x72,0x20,0x28,0x69,0x6e,0x74,0x20,0x64,0x78,0x20,0x3d,0x20,0x2d,0x31,
    0x3b,0x20,0x64,0x78,0x20,0x3c,0x3d,0x20,0x31,0x3b,0x20,0x64,0x78,0x2b,0x2b,0x29,
    0x0a,0x20,0x20,0x20,0x20,0x20,0x20,0x20,0x20,0x7b,0x0a,0x20,0x20,0x20,0x20,0x20,
    0x20,0x20,0x20,0x20,0x20,0x20,0x20,0x66,0x6c,0x6f,0x61,0x74,0x20,0x5f,0x31,0x35,
    0x38,0x20,0x3d,0x20,0x5f,0x37,0x39,0x20,0x2d,0x20,0x5f,0x32,0x37,0x5f,0x73,0x68,
    0x61,0x64,0x6f,0x77,0x5f,0x70,0x61,0x72,0x61,0x6d,0x73,0x2e,0x7a,0x3b,0x0a,0x20,
    0x20,0x20,0x20,0x20,0x20,0x20,0x20,0x20,0x20,0x20,0x20,0x6c,0x69,0x74,0x20,0x2b,
    0x3d,0x20,0x73,0x68,0x61,0x64,0x6f,0x77,0x5f,0x74,0x65,0x78,0x2e,0x53,0x61,0x6d,
    0x70,0x6c,0x65,0x43,0x6d,0x70,0x28,0x73,0x68,0x61,0x64,0x6f,0x77,0x5f,0x73,0x6d,
    0x70,0x2c,0x20,0x66,0x6c,0x6f,0x61,0x74,0x33,0x28,0x5f,0x33,0x39,0x34,0x20,0x2b,
    0x20,0x28,0x66,0x6c,0x6f,0x61,0x74,0x32,0x28,0x66,0x6c,0x6f,0x61,0x74,0x28,0x64,
    0x78,0x29,0x2c,0x20,0x66,0x6c,0x6f,0x61,0x74,0x28,0x64,0x79,0x29,0x29,0x20,0x2a,
    0x20,0x5f,0x32,0x37,0x5f,0x73,0x68,0x61,0x64,0x6f,0x77,0x5f,0x70,0x61,0x72,0x61,
    0x6d,0x73,0x2e,0x79,0x29,0x2c,0x20,0x5f,0x31,0x35,0x38,0x29,0x2e,0x78,0x79,0x2c,
    0x20,0x5f,0x31,0x35,0x38,0x29,0x3b,0x0a,0x20,0x20,0x20,0x20,0x20,0x20,0x20,0x20,
    0x7d,0x0a,0x20,0x20,0x20,0x20,0x7d,0x0a,0x20,0x20,0x20,0x20,0x72,0x65,0x74,0x75,
    0x72,0x6e,0x20,0x31,0x2e,0x30,0x66,0x20,0x2d,0x20,0x28,0x5f,0x32,0x37,0x5f,0x63,
    0x6f,0x75,0x6e,0x74,0x73,0x2e,0x77,0x20,0x2a,0x20,0x28,0x31,0x2e,0x30,0x66,0x20,
    0x2d,0x20,0x28,0x6c,0x69,0x74,0x20,0x2a,0x20,0x30,0x2e,0x31,0x31,0x31,0x31,0x31,
    0x31,0x31,0x31,0x31,0x39,0x33,0x38,0x39,0x35,0x33,0x33,0x39,0x39,0x36,0x35,0x38,
    0x32,0x30,0x33,0x31,0x32,0x35,0x66,0x29,0x29,0x29,0x3b,0x0a,0x7d,0x0a,0x0a,0x76,
    0x6f,0x69,0x64,0x20,0x66,0x72,0x61,0x67,0x5f,0x6d,0x61,0x69,0x6e,0x28,0x29,0x0a,
    0x7b,0x0a,0x20,0x20,0x20,0x20,0x66,0x6c,0x6f,0x61,0x74,0x33,0x20,0x62,0x61,0x73,
    0x65,0x20,0x3d,0x20,0x5f,0x31,0x38,0x34,0x5f,0x62,0x61,0x73,0x65,0x5f,0x63,0x6f,
    0x6c,0x6f,0x72,0x2e,0x78,0x79,0x7a,0x3b,0x0a,0x20,0x20,0x20,0x20,0x69,0x66,0x20,
    0x28,0x5f,0x31,0x38,0x34,0x5f,0x66,0x6c,0x61,0x67,0x73,0x2e,0x79,0x20,0x3e,0x20,
    0x30,0x2e,0x35,0x66,0x29,0x0a,0x20,0x20,0x20,0x20,0x7b,0x0a,0x20,0x20,0x20,0x20,
    0x20,0x20,0x20,0x20,0x62,0x61,0x73,0x65,0x20,0x2a,0x3d,0x20,0x62,0x61,0x73,0x65,
    0x5f,0x74,0x65,0x78,0x2e,0x53,0x61,0x6d,0x70,0x6c,0x65,0x28,0x62,0x61,0x73,0x65,
    0x5f,0x73,0x6d,0x70,0x2c,0x20,0x76,0x5f,0x75,0x76,0x29,0x2e,0x78,0x79,0x7a,0x3b,
    0x0a,0x20,0x20,0x20,0x20,0x7d,0x0a,0x20,0x20,0x20,0x20,0x69,0x66,0x20,0x28,0x5f,
    0x31,0x38,0x34,0x5f,0x66,0x6c,0x61,0x67,0x73,0x2e,0x78,0x20,0x3e,0x20,0x30,0x2e,
    0x35,0x66,0x29,0x0a,0x20,0x20,0x20,0x20,0x7b,0x0a,0x20,0x20,0x20,0x20,0x20,0x20,
    0x20,0x20,0x66,0x72,0x61,0x67,0x5f,0x63,0x6f,0x6c,0x6f,0x72,0x20,0x3d,0x20,0x66,
    0x6c,0x6f,0x61,0x74,0x34,0x28,0x63,0x6c,0x61,0x6d,0x70,0x28,0x62,0x61,0x73,0x65,
    0x2c,0x20,0x30,0x2e,0x30,0x66,0x2e,0x78,0x78,0x78,0x2c,0x20,0x31,0x2e,0x30,0x66,
    0x2e,0x78,0x78,0x78,0x29,0x2c,0x20,0x31,0x2e,0x30,0x66,0x29,0x3b,0x0a,0x20,0x20,
    0x20,0x20,0x20,0x20,0x20,0x20,0x72,0x65,0x74,0x75,0x72,0x6e,0x3b,0x0a,0x20,0x20,
    0x20,0x20,0x7d,0x0a,0x20,0x20,0x20,0x20,0x66,0x6c,0x6f,0x61,0x74,0x33,0x20,0x5f,
    0x32,0x32,0x37,0x20,0x3d,0x20,0x6e,0x6f,0x72,0x6d,0x61,0x6c,0x69,0x7a,0x65,0x28,
    0x76,0x5f,0x6e,0x72,0x6d,0x29,0x3b,0x0a,0x20,0x20,0x20,0x20,0x66,0x6c,0x6f,0x61,
    0x74,0x33,0x20,0x6c,0x69,0x67,0x68,0x74,0x20,0x3d,0x20,0x5f,0x32,0x37,0x5f,0x61,
    0x6d,0x62,0x69,0x65,0x6e,0x74,0x2e,0x78,0x79,0x7a,0x3b,0x0a,0x20,0x20,0x20,0x20,
    0x69,0x6e,0x74,0x20,0x5f,0x32,0x33,0x35,0x20,0x3d,0x20,0x69,0x6e,0x74,0x28,0x5f,
    0x32,0x37,0x5f,0x63,0x6f,0x75,0x6e,0x74,0x73,0x2e,0x78,0x29,0x3b,0x0a,0x20,0x20,
    0x20,0x20,0x66,0x6c,0x6f,0x61,0x74,0x20,0x5f,0x32,0x37,0x34,0x3b,0x0a,0x20,0x20,
    0x20,0x20,0x66,0x6f,0x72,0x20,0x28,0x69,0x6e,0x74,0x20,0x69,0x20,0x3d,0x20,0x30,
    0x3b,0x20,0x69,0x20,0x3c,0x20,0x34,0x3b,0x20,0x69,0x2b,0x2b,0x29,0x0a,0x20,0x20,
    0x20,0x20,0x7b,0x0a,0x20,0x20,0x20,0x20,0x20,0x20,0x20,0x20,0x69,0x66,0x20,0x28,
    0x69,0x20,0x3e,0x3d,0x20,0x5f,0x32,0x33,0x35,0x29,0x0a,0x20,0x20,0x20,0x20,0x20,
    0x20,0x20,0x20,0x7b,0x0a,0x20,0x20,0x20,0x20,0x20,0x20,0x20,0x20,0x20,0x20,0x20,
    0x20,0x62,0x72,0x65,0x61,0x6b,0x3b,0x0a,0x20,0x20,0x20,0x20,0x20,0x20,0x20,0x20,
    0x7d,0x0a,0x20,0x20,0x20,0x20,0x20,0x20,0x20,0x20,0x66,0x6c,0x6f,0x61,0x74,0x20,
    0x5f,0x32,0x35,0x39,0x20,0x3d,0x20,0x6d,0x61,0x78,0x28,0x30,0x2e,0x30,0x66,0x2c,
    0x20,0x64,0x6f,0x74,0x28,0x5f,0x32,0x32,0x37,0x2c,0x20,0x2d,0x5f,0x32,0x37,0x5f,
    0x64,0x69,0x72,0x5f,0x64,0x69,0x72,0x5b,0x69,0x5d,0x2e,0x78,0x79,0x7a,0x29,0x29,
    0x3b,0x0a,0x20,0x20,0x20,0x20,0x20,0x20,0x20,0x20,0x69,0x66,0x20,0x28,0x5f,0x32,
    0x35,0x39,0x20,0x3c,0x3d,0x20,0x30,0x2e,0x30,0x66,0x29,0x0a,0x20,0x20,0x20,0x20,
    0x20,0x20,0x20,0x20,0x7b,0x0a,0x20,0x20,0x20,0x20,0x20,0x20,0x20,0x20,0x20,0x20,
    0x20,0x20,0x63,0x6f,0x6e,0x74,0x69,0x6e,0x75,0x65,0x3b,0x0a,0x20,0x20,0x20,0x20,
    0x20,0x20,0x20,0x20,0x7d,0x0a,0x20,0x20,0x20,0x20,0x20,0x20,0x20,0x20,0x62,0x6f,
    0x6f,0x6c,0x20,0x5f,0x32,0x36,0x37,0x20,0x3d,0x20,0x69,0x20,0x3d,0x3d,0x20,0x30,
    0x3b,0x0a,0x20,0x20,0x20,0x20,0x20,0x20,0x20,0x20,0x62,0x6f,0x6f,0x6c,0x20,0x5f,
    0x32,0x37,0x33,0x3b,0x0a,0x20,0x20,0x20,0x20,0x20,0x20,0x20,0x20,0x69,0x66,0x20,
    0x28,0x5f,0x32,0x36,0x37,0x29,0x0a,0x20,0x20,0x20,0x20,0x20,0x20,0x20,0x20,0x7b,
    0x0a,0x20,0x20,0x20,0x20,0x20,0x20,0x20,0x20,0x20,0x20,0x20,0x20,0x5f,0x32,0x37,
    0x33,0x20,0x3d,0x20,0x5f,0x32,0x37,0x5f,0x63,0x6f,0x75,0x6e,0x74,0x73,0x2e,0x7a,
    0x20,0x3e,0x20,0x30,0x2e,0x35,0x66,0x3b,0x0a,0x20,0x20,0x20,0x20,0x20,0x20,0x20,
    0x20,0x7d,0x0a,0x20,0x20,0x20,0x20,0x20,0x20,0x20,0x20,0x65,0x6c,0x73,0x65,0x0a,
    0x20,0x20,0x20,0x20,0x20,0x20,0x20,0x20,0x7b,0x0a,0x20,0x20,0x20,0x20,0x20,0x20,
    0x20,0x20,0x20,0x20,0x20,0x20,0x5f,0x32,0x37,0x33,0x20,0x3d,0x20,0x5f,0x32,0x36,
    0x37,0x3b,0x0a,0x20,0x20,0x20,0x20,0x20,0x20,0x20,0x20,0x7d,0x0a,0x20,0x20,0x20,
    0x20,0x20,0x20,0x20,0x20,0x69,0x66,0x20,0x28,0x5f,0x32,0x37,0x33,0x29,0x0a,0x20,
    0x20,0x20,0x20,0x20,0x20,0x20,0x20,0x7b,0x0a,0x20,0x20,0x20,0x20,0x20,0x20,0x20,
    0x20,0x20,0x20,0x20,0x20,0x66,0x6c,0x6f,0x61,0x74,0x33,0x20,0x70,0x61,0x72,0x61,
    0x6d,0x20,0x3d,0x20,0x76,0x5f,0x77,0x70,0x6f,0x73,0x3b,0x0a,0x20,0x20,0x20,0x20,
    0x20,0x20,0x20,0x20,0x20,0x20,0x20,0x20,0x66,0x6c,0x6f,0x61,0x74,0x33,0x20,0x70,
    0x61,0x72,0x61,0x6d,0x5f,0x31,0x20,0x3d,0x20,0x5f,0x32,0x32,0x37,0x3b,0x0a,0x20,
    0x20,0x20,0x20,0x20,0x20,0x20,0x20,0x20,0x20,0x20,0x20,0x5f,0x32,0x37,0x34,0x20,
    0x3d,0x20,0x73,0x68,0x61,0x64,0x6f,0x77,0x5f,0x6c,0x69,0x74,0x28,0x70,0x61,0x72,
    0x61,0x6d,0x2c,0x20,0x70,0x61,0x72,0x61,0x6d,0x5f,0x31,0x29,0x3b,0x0a,0x20,0x20,
    0x20,0x20,0x20,0x20,0x20,0x20,0x7d,0x0a,0x20,0x20,0x20,0x20,0x20,0x20,0x20,0x20,
    0x65,0x6c,0x73,0x65,0x0a,0x20,0x20,0x20,0x20,0x20,0x20,0x20,0x20,0x7b,0x0a,0x20,
    0x20,0x20,0x20,0x20,0x20,0x20,0x20,0x20,0x20,0x20,0x20,0x5f,0x32,0x37,0x34,0x20,
    0x3d,0x20,0x31,0x2e,0x30,0x66,0x3b,0x0a,0x20,0x20,0x20,0x20,0x20,0x20,0x20,0x20,
    0x7d,0x0a,0x20,0x20,0x20,0x20,0x20,0x20,0x20,0x20,0x6c,0x69,0x67,0x68,0x74,0x20,
    0x2b,0x3d,0x20,0x28,0x5f,0x32,0x37,0x5f,0x64,0x69,0x72,0x5f,0x63,0x6f,0x6c,0x6f,
    0x72,0x5b,0x69,0x5d,0x2e,0x78,0x79,0x7a,0x20,0x2a,0x20,0x28,0x5f,0x32,0x35,0x39,
    0x20,0x2a,0x20,0x5f,0x32,0x37,0x34,0x29,0x29,0x3b,0x0a,0x20,0x20,0x20,0x20,0x7d,
    0x0a,0x20,0x20,0x20,0x20,0x69,0x6e,0x74,0x20,0x5f,0x33,0x30,0x31,0x20,0x3d,0x20,
    0x69,0x6e,0x74,0x28,0x5f,0x32,0x37,0x5f,0x63,0x6f,0x75,0x6e,0x74,0x73,0x2e,0x79,
    0x29,0x3b,0x0a,0x20,0x20,0x20,0x20,0x66,0x6f,0x72,0x20,0x28,0x69,0x6e,0x74,0x20,
    0x69,0x5f,0x31,0x20,0x3d,0x20,0x30,0x3b,0x20,0x69,0x5f,0x31,0x20,0x3c,0x20,0x31,
    0x36,0x3b,0x20,0x69,0x5f,0x31,0x2b,0x2b,0x29,0x0a,0x20,0x20,0x20,0x20,0x7b,0x0a,
    0x20,0x20,0x20,0x20,0x20,0x20,0x20,0x20,0x69,0x66,0x20,0x28,0x69,0x5f,0x31,0x20,
    0x3e,0x3d,0x20,0x5f,0x33,0x30,0x31,0x29,0x0a,0x20,0x20,0x20,0x20,0x20,0x20,0x20,
    0x20,0x7b,0x0a,0x20,0x20,0x20,0x20,0x20,0x20,0x20,0x20,0x20,0x20,0x20,0x20,0x62,
    0x72,0x65,0x61,0x6b,0x3b,0x0a,0x20,0x20,0x20,0x20,0x20,0x20,0x20,0x20,0x7d,0x0a,
    0x20,0x20,0x20,0x20,0x20,0x20,0x20,0x20,0x66,0x6c,0x6f,0x61,0x74,0x33,0x20,0x5f,
    0x33,0x32,0x34,0x20,0x3d,0x20,0x5f,0x32,0x37,0x5f,0x70,0x6f,0x69,0x6e,0x74,0x5f,
    0x70,0x6f,0x73,0x5b,0x69,0x5f,0x31,0x5d,0x2e,0x78,0x79,0x7a,0x20,0x2d,0x20,0x76,
    0x5f,0x77,0x70,0x6f,0x73,0x3b,0x0a,0x20,0x20,0x20,0x20,0x20,0x20,0x20,0x20,0x66,
    0x6c,0x6f,0x61,0x74,0x20,0x5f,0x33,0x32,0x37,0x20,0x3d,0x20,0x6c,0x65,0x6e,0x67,
    0x74,0x68,0x28,0x5f,0x33,0x32,0x34,0x29,0x3b,0x0a,0x20,0x20,0x20,0x20,0x20,0x20,
    0x20,0x20,0x69,0x66,0x20,0x28,0x28,0x5f,0x33,0x32,0x37,0x20,0x3e,0x3d,0x20,0x5f,
    0x32,0x37,0x5f,0x70,0x6f,0x69,0x6e,0x74,0x5f,0x70,0x6f,0x73,0x5b,0x69,0x5f,0x31,
    0x5d,0x2e,0x77,0x29,0x20,0x7c,0x7c,0x20,0x28,0x5f,0x33,0x32,0x37,0x20,0x3c,0x20,
    0x39,0x2e,0x39,0x39,0x39,0x39,0x39,0x39,0x37,0x34,0x37,0x33,0x37,0x38,0x37,0x35,
    0x31,0x36,0x33,0x35,0x35,0x35,0x31,0x34,0x35,0x32,0x36,0x33,0x36,0x37,0x31,0x38,
    0x38,0x65,0x2d,0x30,0x36,0x66,0x29,0x29,0x0a,0x20,0x20,0x20,0x20,0x20,0x20,0x20,
    0x20,0x7b,0x0a,0x20,0x20,0x20,0x20,0x20,0x20,0x20,0x20,0x20,0x20,0x20,0x20,0x63,
    0x6f,0x6e,0x74,0x69,0x6e,0x75,0x65,0x3b,0x0a,0x20,0x20,0x20,0x20,0x20,0x20,0x20,
    0x20,0x7d,0x0a,0x20,0x20,0x20,0x20,0x20,0x20,0x20,0x20,0x66,0x6c,0x6f,0x61,0x74,
    0x20,0x5f,0x33,0x35,0x34,0x20,0x3d,0x20,0x31,0x2e,0x30,0x66,0x20,0x2d,0x20,0x28,
    0x5f,0x33,0x32,0x37,0x20,0x2f,0x20,0x5f,0x32,0x37,0x5f,0x70,0x6f,0x69,0x6e,0x74,
    0x5f,0x70,0x6f,0x73,0x5b,0x69,0x5f,0x31,0x5d,0x2e,0x77,0x29,0x3b,0x0a,0x20,0x20,
    0x20,0x20,0x20,0x20,0x20,0x20,0x6c,0x69,0x67,0x68,0x74,0x20,0x2b,0x3d,0x20,0x28,
    0x5f,0x32,0x37,0x5f,0x70,0x6f,0x69,0x6e,0x74,0x5f,0x63,0x6f,0x6c,0x6f,0x72,0x5b,
    0x69,0x5f,0x31,0x5d,0x2e,0x78,0x79,0x7a,0x20,0x2a,0x20,0x28,0x28,0x6d,0x61,0x78,
    0x28,0x30,0x2e,0x30,0x66,0x2c,0x20,0x64,0x6f,0x74,0x28,0x5f,0x32,0x32,0x37,0x2c,
    0x20,0x5f,0x33,0x32,0x34,0x20,0x2f,0x20,0x5f,0x33,0x32,0x37,0x2e,0x78,0x78,0x78,
    0x29,0x29,0x20,0x2a,0x20,0x5f,0x33,0x35,0x34,0x29,0x20,0x2a,0x20,0x5f,0x33,0x35,
    0x34,0x29,0x29,0x3b,0x0a,0x20,0x20,0x20,0x20,0x7d,0x0a,0x20,0x20,0x20,0x20,0x66,
    0x72,0x61,0x67,0x5f,0x63,0x6f,0x6c,0x6f,0x72,0x20,0x3d,0x20,0x66,0x6c,0x6f,0x61,
    0x74,0x34,0x28,0x63,0x6c,0x61,0x6d,0x70,0x28,0x62,0x61,0x73,0x65,0x20,0x2a,0x20,
    0x6c,0x69,0x67,0x68,0x74,0x2c,0x20,0x30,0x2e,0x30,0x66,0x2e,0x78,0x78,0x78,0x2c,
    0x20,0x31,0x2e,0x30,0x66,0x2e,0x78,0x78,0x78,0x29,0x2c,0x20,0x31,0x2e,0x30,0x66,
    0x29,0x3b,0x0a,0x7d,0x0a,0x0a,0x53,0x50,0x49,0x52,0x56,0x5f,0x43,0x72,0x6f,0x73,
    0x73,0x5f,0x4f,0x75,0x74,0x70,0x75,0x74,0x20,0x6d,0x61,0x69,0x6e,0x28,0x53,0x50,
    0x49,0x52,0x56,0x5f,0x43,0x72,0x6f,0x73,0x73,0x5f,0x49,0x6e,0x70,0x75,0x74,0x20,
    0x73,0x74,0x61,0x67,0x65,0x5f,0x69,0x6e,0x70,0x75,0x74,0x29,0x0a,0x7b,0x0a,0x20,
    0x20,0x20,0x20,0x76,0x5f,0x75,0x76,0x20,0x3d,0x20,0x73,0x74,0x61,0x67,0x65,0x5f,
    0x69,0x6e,0x70,0x75,0x74,0x2e,0x76,0x5f,0x75,0x76,0x3b,0x0a,0x20,0x20,0x20,0x20,
    0x76,0x5f,0x6e,0x72,0x6d,0x20,0x3d,0x20,0x73,0x74,0x61,0x67,0x65,0x5f,0x69,0x6e,
    0x70,0x75,0x74,0x2e,0x76,0x5f,0x6e,0x72,0x6d,0x3b,0x0a,0x20,0x20,0x20,0x20,0x76,
    0x5f,0x77,0x70,0x6f,0x73,0x20,0x3d,0x20,0x73,0x74,0x61,0x67,0x65,0x5f,0x69,0x6e,
    0x70,0x75,0x74,0x2e,0x76,0x5f,0x77,0x70,0x6f,0x73,0x3b,0x0a,0x20,0x20,0x20,0x20,
    0x66,0x72,0x61,0x67,0x5f,0x6d,0x61,0x69,0x6e,0x28,0x29,0x3b,0x0a,0x20,0x20,0x20,
    0x20,0x53,0x50,0x49,0x52,0x56,0x5f,0x43,0x72,0x6f,0x73,0x73,0x5f,0x4f,0x75,0x74,
    0x70,0x75,0x74,0x20,0x73,0x74,0x61,0x67,0x65,0x5f,0x6f,0x75,0x74,0x70,0x75,0x74,
    0x3b,0x0a,0x20,0x20,0x20,0x20,0x73,0x74,0x61,0x67,0x65,0x5f,0x6f,0x75,0x74,0x70,
    0x75,0x74,0x2e,0x66,0x72,0x61,0x67,0x5f,0x63,0x6f,0x6c,0x6f,0x72,0x20,0x3d,0x20,
    0x66,0x72,0x61,0x67,0x5f,0x63,0x6f,0x6c,0x6f,0x72,0x3b,0x0a,0x20,0x20,0x20,0x20,
    0x72,0x65,0x74,0x75,0x72,0x6e,0x20,0x73,0x74,0x61,0x67,0x65,0x5f,0x6f,0x75,0x74,
    0x70,0x75,0x74,0x3b,0x0a,0x7d,0x0a,0x00,
};
/*
    cbuffer pos_vs_params : register(b0)
    {
        row_major float4x4 _19_mvp : packoffset(c0);
    };


    static float4 gl_Position;
    static float3 position;

    struct SPIRV_Cross_Input
    {
        float3 position : TEXCOORD0;
    };

    struct SPIRV_Cross_Output
    {
        float4 gl_Position : SV_Position;
    };

    void vert_main()
    {
        gl_Position = mul(float4(position, 1.0f), _19_mvp);
        gl_Position.z = (gl_Position.z + gl_Position.w) * 0.5;
    }

    SPIRV_Cross_Output main(SPIRV_Cross_Input stage_input)
    {
        position = stage_input.position;
        vert_main();
        SPIRV_Cross_Output stage_output;
        stage_output.gl_Position = gl_Position;
        return stage_output;
    }
*/
static const uint8_t oe_pos_vs_source_hlsl5[636] = {
    0x63,0x62,0x75,0x66,0x66,0x65,0x72,0x20,0x70,0x6f,0x73,0x5f,0x76,0x73,0x5f,0x70,
    0x61,0x72,0x61,0x6d,0x73,0x20,0x3a,0x20,0x72,0x65,0x67,0x69,0x73,0x74,0x65,0x72,
    0x28,0x62,0x30,0x29,0x0a,0x7b,0x0a,0x20,0x20,0x20,0x20,0x72,0x6f,0x77,0x5f,0x6d,
    0x61,0x6a,0x6f,0x72,0x20,0x66,0x6c,0x6f,0x61,0x74,0x34,0x78,0x34,0x20,0x5f,0x31,
    0x39,0x5f,0x6d,0x76,0x70,0x20,0x3a,0x20,0x70,0x61,0x63,0x6b,0x6f,0x66,0x66,0x73,
    0x65,0x74,0x28,0x63,0x30,0x29,0x3b,0x0a,0x7d,0x3b,0x0a,0x0a,0x0a,0x73,0x74,0x61,
    0x74,0x69,0x63,0x20,0x66,0x6c,0x6f,0x61,0x74,0x34,0x20,0x67,0x6c,0x5f,0x50,0x6f,
    0x73,0x69,0x74,0x69,0x6f,0x6e,0x3b,0x0a,0x73,0x74,0x61,0x74,0x69,0x63,0x20,0x66,
    0x6c,0x6f,0x61,0x74,0x33,0x20,0x70,0x6f,0x73,0x69,0x74,0x69,0x6f,0x6e,0x3b,0x0a,
    0x0a,0x73,0x74,0x72,0x75,0x63,0x74,0x20,0x53,0x50,0x49,0x52,0x56,0x5f,0x43,0x72,
    0x6f,0x73,0x73,0x5f,0x49,0x6e,0x70,0x75,0x74,0x0a,0x7b,0x0a,0x20,0x20,0x20,0x20,
    0x66,0x6c,0x6f,0x61,0x74,0x33,0x20,0x70,0x6f,0x73,0x69,0x74,0x69,0x6f,0x6e,0x20,
    0x3a,0x20,0x54,0x45,0x58,0x43,0x4f,0x4f,0x52,0x44,0x30,0x3b,0x0a,0x7d,0x3b,0x0a,
    0x0a,0x73,0x74,0x72,0x75,0x63,0x74,0x20,0x53,0x50,0x49,0x52,0x56,0x5f,0x43,0x72,
    0x6f,0x73,0x73,0x5f,0x4f,0x75,0x74,0x70,0x75,0x74,0x0a,0x7b,0x0a,0x20,0x20,0x20,
    0x20,0x66,0x6c,0x6f,0x61,0x74,0x34,0x20,0x67,0x6c,0x5f,0x50,0x6f,0x73,0x69,0x74,
    0x69,0x6f,0x6e,0x20,0x3a,0x20,0x53,0x56,0x5f,0x50,0x6f,0x73,0x69,0x74,0x69,0x6f,
    0x6e,0x3b,0x0a,0x7d,0x3b,0x0a,0x0a,0x76,0x6f,0x69,0x64,0x20,0x76,0x65,0x72,0x74,
    0x5f,0x6d,0x61,0x69,0x6e,0x28,0x29,0x0a,0x7b,0x0a,0x20,0x20,0x20,0x20,0x67,0x6c,
    0x5f,0x50,0x6f,0x73,0x69,0x74,0x69,0x6f,0x6e,0x20,0x3d,0x20,0x6d,0x75,0x6c,0x28,
    0x66,0x6c,0x6f,0x61,0x74,0x34,0x28,0x70,0x6f,0x73,0x69,0x74,0x69,0x6f,0x6e,0x2c,
    0x20,0x31,0x2e,0x30,0x66,0x29,0x2c,0x20,0x5f,0x31,0x39,0x5f,0x6d,0x76,0x70,0x29,
    0x3b,0x0a,0x20,0x20,0x20,0x20,0x67,0x6c,0x5f,0x50,0x6f,0x73,0x69,0x74,0x69,0x6f,
    0x6e,0x2e,0x7a,0x20,0x3d,0x20,0x28,0x67,0x6c,0x5f,0x50,0x6f,0x73,0x69,0x74,0x69,
    0x6f,0x6e,0x2e,0x7a,0x20,0x2b,0x20,0x67,0x6c,0x5f,0x50,0x6f,0x73,0x69,0x74,0x69,
    0x6f,0x6e,0x2e,0x77,0x29,0x20,0x2a,0x20,0x30,0x2e,0x35,0x3b,0x0a,0x7d,0x0a,0x0a,
    0x53,0x50,0x49,0x52,0x56,0x5f,0x43,0x72,0x6f,0x73,0x73,0x5f,0x4f,0x75,0x74,0x70,
    0x75,0x74,0x20,0x6d,0x61,0x69,0x6e,0x28,0x53,0x50,0x49,0x52,0x56,0x5f,0x43,0x72,
    0x6f,0x73,0x73,0x5f,0x49,0x6e,0x70,0x75,0x74,0x20,0x73,0x74,0x61,0x67,0x65,0x5f,
    0x69,0x6e,0x70,0x75,0x74,0x29,0x0a,0x7b,0x0a,0x20,0x20,0x20,0x20,0x70,0x6f,0x73,
    0x69,0x74,0x69,0x6f,0x6e,0x20,0x3d,0x20,0x73,0x74,0x61,0x67,0x65,0x5f,0x69,0x6e,
    0x70,0x75,0x74,0x2e,0x70,0x6f,0x73,0x69,0x74,0x69,0x6f,0x6e,0x3b,0x0a,0x20,0x20,
    0x20,0x20,0x76,0x65,0x72,0x74,0x5f,0x6d,0x61,0x69,0x6e,0x28,0x29,0x3b,0x0a,0x20,
    0x20,0x20,0x20,0x53,0x50,0x49,0x52,0x56,0x5f,0x43,0x72,0x6f,0x73,0x73,0x5f,0x4f,
    0x75,0x74,0x70,0x75,0x74,0x20,0x73,0x74,0x61,0x67,0x65,0x5f,0x6f,0x75,0x74,0x70,
    0x75,0x74,0x3b,0x0a,0x20,0x20,0x20,0x20,0x73,0x74,0x61,0x67,0x65,0x5f,0x6f,0x75,
    0x74,0x70,0x75,0x74,0x2e,0x67,0x6c,0x5f,0x50,0x6f,0x73,0x69,0x74,0x69,0x6f,0x6e,
    0x20,0x3d,0x20,0x67,0x6c,0x5f,0x50,0x6f,0x73,0x69,0x74,0x69,0x6f,0x6e,0x3b,0x0a,
    0x20,0x20,0x20,0x20,0x72,0x65,0x74,0x75,0x72,0x6e,0x20,0x73,0x74,0x61,0x67,0x65,
    0x5f,0x6f,0x75,0x74,0x70,0x75,0x74,0x3b,0x0a,0x7d,0x0a,0x00,
};
/*
    void frag_main()
    {
    }

    void main()
    {
        frag_main();
    }
*/
static const uint8_t oe_depth_fs_source_hlsl5[56] = {
    0x76,0x6f,0x69,0x64,0x20,0x66,0x72,0x61,0x67,0x5f,0x6d,0x61,0x69,0x6e,0x28,0x29,
    0x0a,0x7b,0x0a,0x7d,0x0a,0x0a,0x76,0x6f,0x69,0x64,0x20,0x6d,0x61,0x69,0x6e,0x28,
    0x29,0x0a,0x7b,0x0a,0x20,0x20,0x20,0x20,0x66,0x72,0x61,0x67,0x5f,0x6d,0x61,0x69,
    0x6e,0x28,0x29,0x3b,0x0a,0x7d,0x0a,0x00,
};
/*
    cbuffer solid_params : register(b1)
    {
        float4 _12_color : packoffset(c0);
    };


    static float4 frag_color;

    struct SPIRV_Cross_Output
    {
        float4 frag_color : SV_Target0;
    };

    void frag_main()
    {
        frag_color = _12_color;
    }

    SPIRV_Cross_Output main()
    {
        frag_main();
        SPIRV_Cross_Output stage_output;
        stage_output.frag_color = frag_color;
        return stage_output;
    }
*/
static const uint8_t oe_solid_fs_source_hlsl5[379] = {
    0x63,0x62,0x75,0x66,0x66,0x65,0x72,0x20,0x73,0x6f,0x6c,0x69,0x64,0x5f,0x70,0x61,
    0x72,0x61,0x6d,0x73,0x20,0x3a,0x20,0x72,0x65,0x67,0x69,0x73,0x74,0x65,0x72,0x28,
    0x62,0x31,0x29,0x0a,0x7b,0x0a,0x20,0x20,0x20,0x20,0x66,0x6c,0x6f,0x61,0x74,0x34,
    0x20,0x5f,0x31,0x32,0x5f,0x63,0x6f,0x6c,0x6f,0x72,0x20,0x3a,0x20,0x70,0x61,0x63,
    0x6b,0x6f,0x66,0x66,0x73,0x65,0x74,0x28,0x63,0x30,0x29,0x3b,0x0a,0x7d,0x3b,0x0a,
    0x0a,0x0a,0x73,0x74,0x61,0x74,0x69,0x63,0x20,0x66,0x6c,0x6f,0x61,0x74,0x34,0x20,
    0x66,0x72,0x61,0x67,0x5f,0x63,0x6f,0x6c,0x6f,0x72,0x3b,0x0a,0x0a,0x73,0x74,0x72,
    0x75,0x63,0x74,0x20,0x53,0x50,0x49,0x52,0x56,0x5f,0x43,0x72,0x6f,0x73,0x73,0x5f,
    0x4f,0x75,0x74,0x70,0x75,0x74,0x0a,0x7b,0x0a,0x20,0x20,0x20,0x20,0x66,0x6c,0x6f,
    0x61,0x74,0x34,0x20,0x66,0x72,0x61,0x67,0x5f,0x63,0x6f,0x6c,0x6f,0x72,0x20,0x3a,
    0x20,0x53,0x56,0x5f,0x54,0x61,0x72,0x67,0x65,0x74,0x30,0x3b,0x0a,0x7d,0x3b,0x0a,
    0x0a,0x76,0x6f,0x69,0x64,0x20,0x66,0x72,0x61,0x67,0x5f,0x6d,0x61,0x69,0x6e,0x28,
    0x29,0x0a,0x7b,0x0a,0x20,0x20,0x20,0x20,0x66,0x72,0x61,0x67,0x5f,0x63,0x6f,0x6c,
    0x6f,0x72,0x20,0x3d,0x20,0x5f,0x31,0x32,0x5f,0x63,0x6f,0x6c,0x6f,0x72,0x3b,0x0a,
    0x7d,0x0a,0x0a,0x53,0x50,0x49,0x52,0x56,0x5f,0x43,0x72,0x6f,0x73,0x73,0x5f,0x4f,
    0x75,0x74,0x70,0x75,0x74,0x20,0x6d,0x61,0x69,0x6e,0x28,0x29,0x0a,0x7b,0x0a,0x20,
    0x20,0x20,0x20,0x66,0x72,0x61,0x67,0x5f,0x6d,0x61,0x69,0x6e,0x28,0x29,0x3b,0x0a,
    0x20,0x20,0x20,0x20,0x53,0x50,0x49,0x52,0x56,0x5f,0x43,0x72,0x6f,0x73,0x73,0x5f,
    0x4f,0x75,0x74,0x70,0x75,0x74,0x20,0x73,0x74,0x61,0x67,0x65,0x5f,0x6f,0x75,0x74,
    0x70,0x75,0x74,0x3b,0x0a,0x20,0x20,0x20,0x20,0x73,0x74,0x61,0x67,0x65,0x5f,0x6f,
    0x75,0x74,0x70,0x75,0x74,0x2e,0x66,0x72,0x61,0x67,0x5f,0x63,0x6f,0x6c,0x6f,0x72,
    0x20,0x3d,0x20,0x66,0x72,0x61,0x67,0x5f,0x63,0x6f,0x6c,0x6f,0x72,0x3b,0x0a,0x20,
    0x20,0x20,0x20,0x72,0x65,0x74,0x75,0x72,0x6e,0x20,0x73,0x74,0x61,0x67,0x65,0x5f,
    0x6f,0x75,0x74,0x70,0x75,0x74,0x3b,0x0a,0x7d,0x0a,0x00,
};
/*
    cbuffer line_params : register(b0)
    {
        row_major float4x4 _19_view_proj : packoffset(c0);
    };


    static float4 gl_Position;
    static float3 position;
    static float4 v_color;
    static float4 color0;

    struct SPIRV_Cross_Input
    {
        float3 position : TEXCOORD0;
        float4 color0 : TEXCOORD1;
    };

    struct SPIRV_Cross_Output
    {
        float4 v_color : TEXCOORD0;
        float4 gl_Position : SV_Position;
    };

    void vert_main()
    {
        gl_Position = mul(float4(position, 1.0f), _19_view_proj);
        gl_Position.z -= (0.00019999999494757503271102905273438f * gl_Position.w);
        v_color = color0;
        gl_Position.z = (gl_Position.z + gl_Position.w) * 0.5;
    }

    SPIRV_Cross_Output main(SPIRV_Cross_Input stage_input)
    {
        position = stage_input.position;
        color0 = stage_input.color0;
        vert_main();
        SPIRV_Cross_Output stage_output;
        stage_output.gl_Position = gl_Position;
        stage_output.v_color = v_color;
        return stage_output;
    }
*/
static const uint8_t oe_line_vs_source_hlsl5[924] = {
    0x63,0x62,0x75,0x66,0x66,0x65,0x72,0x20,0x6c,0x69,0x6e,0x65,0x5f,0x70,0x61,0x72,
    0x61,0x6d,0x73,0x20,0x3a,0x20,0x72,0x65,0x67,0x69,0x73,0x74,0x65,0x72,0x28,0x62,
    0x30,0x29,0x0a,0x7b,0x0a,0x20,0x20,0x20,0x20,0x72,0x6f,0x77,0x5f,0x6d,0x61,0x6a,
    0x6f,0x72,0x20,0x66,0x6c,0x6f,0x61,0x74,0x34,0x78,0x34,0x20,0x5f,0x31,0x39,0x5f,
    0x76,0x69,0x65,0x77,0x5f,0x70,0x72,0x6f,0x6a,0x20,0x3a,0x20,0x70,0x61,0x63,0x6b,
    0x6f,0x66,0x66,0x73,0x65,0x74,0x28,0x63,0x30,0x29,0x3b,0x0a,0x7d,0x3b,0x0a,0x0a,
    0x0a,0x73,0x74,0x61,0x74,0x69,0x63,0x20,0x66,0x6c,0x6f,0x61,0x74,0x34,0x20,0x67,
    0x6c,0x5f,0x50,0x6f,0x73,0x69,0x74,0x69,0x6f,0x6e,0x3b,0x0a,0x73,0x74,0x61,0x74,
    0x69,0x63,0x20,0x66,0x6c,0x6f,0x61,0x74,0x33,0x20,0x70,0x6f,0x73,0x69,0x74,0x69,
    0x6f,0x6e,0x3b,0x0a,0x73,0x74,0x61,0x74,0x69,0x63,0x20,0x66,0x6c,0x6f,0x61,0x74,
    0x34,0x20,0x76,0x5f,0x63,0x6f,0x6c,0x6f,0x72,0x3b,0x0a,0x73,0x74,0x61,0x74,0x69,
    0x63,0x20,0x66,0x6c,0x6f,0x61,0x74,0x34,0x20,0x63,0x6f,0x6c,0x6f,0x72,0x30,0x3b,
    0x0a,0x0a,0x73,0x74,0x72,0x75,0x63,0x74,0x20,0x53,0x50,0x49,0x52,0x56,0x5f,0x43,
    0x72,0x6f,0x73,0x73,0x5f,0x49,0x6e,0x70,0x75,0x74,0x0a,0x7b,0x0a,0x20,0x20,0x20,
    0x20,0x66,0x6c,0x6f,0x61,0x74,0x33,0x20,0x70,0x6f,0x73,0x69,0x74,0x69,0x6f,0x6e,
    0x20,0x3a,0x20,0x54,0x45,0x58,0x43,0x4f,0x4f,0x52,0x44,0x30,0x3b,0x0a,0x20,0x20,
    0x20,0x20,0x66,0x6c,0x6f,0x61,0x74,0x34,0x20,0x63,0x6f,0x6c,0x6f,0x72,0x30,0x20,
    0x3a,0x20,0x54,0x45,0x58,0x43,0x4f,0x4f,0x52,0x44,0x31,0x3b,0x0a,0x7d,0x3b,0x0a,
    0x0a,0x73,0x74,0x72,0x75,0x63,0x74,0x20,0x53,0x50,0x49,0x52,0x56,0x5f,0x43,0x72,
    0x6f,0x73,0x73,0x5f,0x4f,0x75,0x74,0x70,0x75,0x74,0x0a,0x7b,0x0a,0x20,0x20,0x20,
    0x20,0x66,0x6c,0x6f,0x61,0x74,0x34,0x20,0x76,0x5f,0x63,0x6f,0x6c,0x6f,0x72,0x20,
    0x3a,0x20,0x54,0x45,0x58,0x43,0x4f,0x4f,0x52,0x44,0x30,0x3b,0x0a,0x20,0x20,0x20,
    0x20,0x66,0x6c,0x6f,0x61,0x74,0x34,0x20,0x67,0x6c,0x5f,0x50,0x6f,0x73,0x69,0x74,
    0x69,0x6f,0x6e,0x20,0x3a,0x20,0x53,0x56,0x5f,0x50,0x6f,0x73,0x69,0x74,0x69,0x6f,
    0x6e,0x3b,0x0a,0x7d,0x3b,0x0a,0x0a,0x76,0x6f,0x69,0x64,0x20,0x76,0x65,0x72,0x74,
    0x5f,0x6d,0x61,0x69,0x6e,0x28,0x29,0x0a,0x7b,0x0a,0x20,0x20,0x20,0x20,0x67,0x6c,
    0x5f,0x50,0x6f,0x73,0x69,0x74,0x69,0x6f,0x6e,0x20,0x3d,0x20,0x6d,0x75,0x6c,0x28,
    0x66,0x6c,0x6f,0x61,0x74,0x34,0x28,0x70,0x6f,0x73,0x69,0x74,0x69,0x6f,0x6e,0x2c,
    0x20,0x31,0x2e,0x30,0x66,0x29,0x2c,0x20,0x5f,0x31,0x39,0x5f,0x76,0x69,0x65,0x77,
    0x5f,0x70,0x72,0x6f,0x6a,0x29,0x3b,0x0a,0x20,0x20,0x20,0x20,0x67,0x6c,0x5f,0x50,
    0x6f,0x73,0x69,0x74,0x69,0x6f,0x6e,0x2e,0x7a,0x20,0x2d,0x3d,0x20,0x28,0x30,0x2e,
    0x30,0x30,0x30,0x31,0x39,0x39,0x39,0x39,0x39,0x39,0x39,0x34,0x39,0x34,0x37,0x35,
    0x37,0x35,0x30,0x33,0x32,0x37,0x31,0x31,0x30,0x32,0x39,0x30,0x35,0x32,0x37,0x33,
    0x34,0x33,0x38,0x66,0x20,0x2a,0x20,0x67,0x6c,0x5f,0x50,0x6f,0x73,0x69,0x74,0x69,
    0x6f,0x6e,0x2e,0x77,0x29,0x3b,0x0a,0x20,0x20,0x20,0x20,0x76,0x5f,0x63,0x6f,0x6c,
    0x6f,0x72,0x20,0x3d,0x20,0x63,0x6f,0x6c,0x6f,0x72,0x30,0x3b,0x0a,0x20,0x20,0x20,
    0x20,0x67,0x6c,0x5f,0x50,0x6f,0x73,0x69,0x74,0x69,0x6f,0x6e,0x2e,0x7a,0x20,0x3d,
    0x20,0x28,0x67,0x6c,0x5f,0x50,0x6f,0x73,0x69,0x74,0x69,0x6f,0x6e,0x2e,0x7a,0x20,
    0x2b,0x20,0x67,0x6c,0x5f,0x50,0x6f,0x73,0x69,0x74,0x69,0x6f,0x6e,0x2e,0x77,0x29,
    0x20,0x2a,0x20,0x30,0x2e,0x35,0x3b,0x0a,0x7d,0x0a,0x0a,0x53,0x50,0x49,0x52,0x56,
    0x5f,0x43,0x72,0x6f,0x73,0x73,0x5f,0x4f,0x75,0x74,0x70,0x75,0x74,0x20,0x6d,0x61,
    0x69,0x6e,0x28,0x53,0x50,0x49,0x52,0x56,0x5f,0x43,0x72,0x6f,0x73,0x73,0x5f,0x49,
    0x6e,0x70,0x75,0x74,0x20,0x73,0x74,0x61,0x67,0x65,0x5f,0x69,0x6e,0x70,0x75,0x74,
    0x29,0x0a,0x7b,0x0a,0x20,0x20,0x20,0x20,0x70,0x6f,0x73,0x69,0x74,0x69,0x6f,0x6e,
    0x20,0x3d,0x20,0x73,0x74,0x61,0x67,0x65,0x5f,0x69,0x6e,0x70,0x75,0x74,0x2e,0x70,
    0x6f,0x73,0x69,0x74,0x69,0x6f,0x6e,0x3b,0x0a,0x20,0x20,0x20,0x20,0x63,0x6f,0x6c,
    0x6f,0x72,0x30,0x20,0x3d,0x20,0x73,0x74,0x61,0x67,0x65,0x5f,0x69,0x6e,0x70,0x75,
    0x74,0x2e,0x63,0x6f,0x6c,0x6f,0x72,0x30,0x3b,0x0a,0x20,0x20,0x20,0x20,0x76,0x65,
    0x72,0x74,0x5f,0x6d,0x61,0x69,0x6e,0x28,0x29,0x3b,0x0a,0x20,0x20,0x20,0x20,0x53,
    0x50,0x49,0x52,0x56,0x5f,0x43,0x72,0x6f,0x73,0x73,0x5f,0x4f,0x75,0x74,0x70,0x75,
    0x74,0x20,0x73,0x74,0x61,0x67,0x65,0x5f,0x6f,0x75,0x74,0x70,0x75,0x74,0x3b,0x0a,
    0x20,0x20,0x20,0x20,0x73,0x74,0x61,0x67,0x65,0x5f,0x6f,0x75,0x74,0x70,0x75,0x74,
    0x2e,0x67,0x6c,0x5f,0x50,0x6f,0x73,0x69,0x74,0x69,0x6f,0x6e,0x20,0x3d,0x20,0x67,
    0x6c,0x5f,0x50,0x6f,0x73,0x69,0x74,0x69,0x6f,0x6e,0x3b,0x0a,0x20,0x20,0x20,0x20,
    0x73,0x74,0x61,0x67,0x65,0x5f,0x6f,0x75,0x74,0x70,0x75,0x74,0x2e,0x76,0x5f,0x63,
    0x6f,0x6c,0x6f,0x72,0x20,0x3d,0x20,0x76,0x5f,0x63,0x6f,0x6c,0x6f,0x72,0x3b,0x0a,
    0x20,0x20,0x20,0x20,0x72,0x65,0x74,0x75,0x72,0x6e,0x20,0x73,0x74,0x61,0x67,0x65,
    0x5f,0x6f,0x75,0x74,0x70,0x75,0x74,0x3b,0x0a,0x7d,0x0a,0x00,
};
/*
    cbuffer ui_params : register(b0)
    {
        float4 _25_screen : packoffset(c0);
    };


    static float4 gl_Position;
    static float2 position;
    static float4 v_color;
    static float4 color0;

    struct SPIRV_Cross_Input
    {
        float2 position : TEXCOORD0;
        float4 color0 : TEXCOORD1;
    };

    struct SPIRV_Cross_Output
    {
        float4 v_color : TEXCOORD0;
        float4 gl_Position : SV_Position;
    };

    void vert_main()
    {
        gl_Position = float4((position.x * _25_screen.x) - 1.0f, 1.0f - (position.y * _25_screen.y), 0.0f, 1.0f);
        v_color = color0;
        gl_Position.z = (gl_Position.z + gl_Position.w) * 0.5;
    }

    SPIRV_Cross_Output main(SPIRV_Cross_Input stage_input)
    {
        position = stage_input.position;
        color0 = stage_input.color0;
        vert_main();
        SPIRV_Cross_Output stage_output;
        stage_output.gl_Position = gl_Position;
        stage_output.v_color = v_color;
        return stage_output;
    }
*/
static const uint8_t oe_ui_vs_source_hlsl5[876] = {
    0x63,0x62,0x75,0x66,0x66,0x65,0x72,0x20,0x75,0x69,0x5f,0x70,0x61,0x72,0x61,0x6d,
    0x73,0x20,0x3a,0x20,0x72,0x65,0x67,0x69,0x73,0x74,0x65,0x72,0x28,0x62,0x30,0x29,
    0x0a,0x7b,0x0a,0x20,0x20,0x20,0x20,0x66,0x6c,0x6f,0x61,0x74,0x34,0x20,0x5f,0x32,
    0x35,0x5f,0x73,0x63,0x72,0x65,0x65,0x6e,0x20,0x3a,0x20,0x70,0x61,0x63,0x6b,0x6f,
    0x66,0x66,0x73,0x65,0x74,0x28,0x63,0x30,0x29,0x3b,0x0a,0x7d,0x3b,0x0a,0x0a,0x0a,
    0x73,0x74,0x61,0x74,0x69,0x63,0x20,0x66,0x6c,0x6f,0x61,0x74,0x34,0x20,0x67,0x6c,
    0x5f,0x50,0x6f,0x73,0x69,0x74,0x69,0x6f,0x6e,0x3b,0x0a,0x73,0x74,0x61,0x74,0x69,
    0x63,0x20,0x66,0x6c,0x6f,0x61,0x74,0x32,0x20,0x70,0x6f,0x73,0x69,0x74,0x69,0x6f,
    0x6e,0x3b,0x0a,0x73,0x74,0x61,0x74,0x69,0x63,0x20,0x66,0x6c,0x6f,0x61,0x74,0x34,
    0x20,0x76,0x5f,0x63,0x6f,0x6c,0x6f,0x72,0x3b,0x0a,0x73,0x74,0x61,0x74,0x69,0x63,
    0x20,0x66,0x6c,0x6f,0x61,0x74,0x34,0x20,0x63,0x6f,0x6c,0x6f,0x72,0x30,0x3b,0x0a,
    0x0a,0x73,0x74,0x72,0x75,0x63,0x74,0x20,0x53,0x50,0x49,0x52,0x56,0x5f,0x43,0x72,
    0x6f,0x73,0x73,0x5f,0x49,0x6e,0x70,0x75,0x74,0x0a,0x7b,0x0a,0x20,0x20,0x20,0x20,
    0x66,0x6c,0x6f,0x61,0x74,0x32,0x20,0x70,0x6f,0x73,0x69,0x74,0x69,0x6f,0x6e,0x20,
    0x3a,0x20,0x54,0x45,0x58,0x43,0x4f,0x4f,0x52,0x44,0x30,0x3b,0x0a,0x20,0x20,0x20,
    0x20,0x66,0x6c,0x6f,0x61,0x74,0x34,0x20,0x63,0x6f,0x6c,0x6f,0x72,0x30,0x20,0x3a,
    0x20,0x54,0x45,0x58,0x43,0x4f,0x4f,0x52,0x44,0x31,0x3b,0x0a,0x7d,0x3b,0x0a,0x0a,
    0x73,0x74,0x72,0x75,0x63,0x74,0x20,0x53,0x50,0x49,0x52,0x56,0x5f,0x43,0x72,0x6f,
    0x73,0x73,0x5f,0x4f,0x75,0x74,0x70,0x75,0x74,0x0a,0x7b,0x0a,0x20,0x20,0x20,0x20,
    0x66,0x6c,0x6f,0x61,0x74,0x34,0x20,0x76,0x5f,0x63,0x6f,0x6c,0x6f,0x72,0x20,0x3a,
    0x20,0x54,0x45,0x58,0x43,0x4f,0x4f,0x52,0x44,0x30,0x3b,0x0a,0x20,0x20,0x20,0x20,
    0x66,0x6c,0x6f,0x61,0x74,0x34,0x20,0x67,0x6c,0x5f,0x50,0x6f,0x73,0x69,0x74,0x69,
    0x6f,0x6e,0x20,0x3a,0x20,0x53,0x56,0x5f,0x50,0x6f,0x73,0x69,0x74,0x69,0x6f,0x6e,
    0x3b,0x0a,0x7d,0x3b,0x0a,0x0a,0x76,0x6f,0x69,0x64,0x20,0x76,0x65,0x72,0x74,0x5f,
    0x6d,0x61,0x69,0x6e,0x28,0x29,0x0a,0x7b,0x0a,0x20,0x20,0x20,0x20,0x67,0x6c,0x5f,
    0x50,0x6f,0x73,0x69,0x74,0x69,0x6f,0x6e,0x20,0x3d,0x20,0x66,0x6c,0x6f,0x61,0x74,
    0x34,0x28,0x28,0x70,0x6f,0x73,0x69,0x74,0x69,0x6f,0x6e,0x2e,0x78,0x20,0x2a,0x20,
    0x5f,0x32,0x35,0x5f,0x73,0x63,0x72,0x65,0x65,0x6e,0x2e,0x78,0x29,0x20,0x2d,0x20,
    0x31,0x2e,0x30,0x66,0x2c,0x20,0x31,0x2e,0x30,0x66,0x20,0x2d,0x20,0x28,0x70,0x6f,
    0x73,0x69,0x74,0x69,0x6f,0x6e,0x2e,0x79,0x20,0x2a,0x20,0x5f,0x32,0x35,0x5f,0x73,
    0x63,0x72,0x65,0x65,0x6e,0x2e,0x79,0x29,0x2c,0x20,0x30,0x2e,0x30,0x66,0x2c,0x20,
    0x31,0x2e,0x30,0x66,0x29,0x3b,0x0a,0x20,0x20,0x20,0x20,0x76,0x5f,0x63,0x6f,0x6c,
    0x6f,0x72,0x20,0x3d,0x20,0x63,0x6f,0x6c,0x6f,0x72,0x30,0x3b,0x0a,0x20,0x20,0x20,
    0x20,0x67,0x6c,0x5f,0x50,0x6f,0x73,0x69,0x74,0x69,0x6f,0x6e,0x2e,0x7a,0x20,0x3d,
    0x20,0x28,0x67,0x6c,0x5f,0x50,0x6f,0x73,0x69,0x74,0x69,0x6f,0x6e,0x2e,0x7a,0x20,
    0x2b,0x20,0x67,0x6c,0x5f,0x50,0x6f,0x73,0x69,0x74,0x69,0x6f,0x6e,0x2e,0x77,0x29,
    0x20,0x2a,0x20,0x30,0x2e,0x35,0x3b,0x0a,0x7d,0x0a,0x0a,0x53,0x50,0x49,0x52,0x56,
    0x5f,0x43,0x72,0x6f,0x73,0x73,0x5f,0x4f,0x75,0x74,0x70,0x75,0x74,0x20,0x6d,0x61,
    0x69,0x6e,0x28,0x53,0x50,0x49,0x52,0x56,0x5f,0x43,0x72,0x6f,0x73,0x73,0x5f,0x49,
    0x6e,0x70,0x75,0x74,0x20,0x73,0x74,0x61,0x67,0x65,0x5f,0x69,0x6e,0x70,0x75,0x74,
    0x29,0x0a,0x7b,0x0a,0x20,0x20,0x20,0x20,0x70,0x6f,0x73,0x69,0x74,0x69,0x6f,0x6e,
    0x20,0x3d,0x20,0x73,0x74,0x61,0x67,0x65,0x5f,0x69,0x6e,0x70,0x75,0x74,0x2e,0x70,
    0x6f,0x73,0x69,0x74,0x69,0x6f,0x6e,0x3b,0x0a,0x20,0x20,0x20,0x20,0x63,0x6f,0x6c,
    0x6f,0x72,0x30,0x20,0x3d,0x20,0x73,0x74,0x61,0x67,0x65,0x5f,0x69,0x6e,0x70,0x75,
    0x74,0x2e,0x63,0x6f,0x6c,0x6f,0x72,0x30,0x3b,0x0a,0x20,0x20,0x20,0x20,0x76,0x65,
    0x72,0x74,0x5f,0x6d,0x61,0x69,0x6e,0x28,0x29,0x3b,0x0a,0x20,0x20,0x20,0x20,0x53,
    0x50,0x49,0x52,0x56,0x5f,0x43,0x72,0x6f,0x73,0x73,0x5f,0x4f,0x75,0x74,0x70,0x75,
    0x74,0x20,0x73,0x74,0x61,0x67,0x65,0x5f,0x6f,0x75,0x74,0x70,0x75,0x74,0x3b,0x0a,
    0x20,0x20,0x20,0x20,0x73,0x74,0x61,0x67,0x65,0x5f,0x6f,0x75,0x74,0x70,0x75,0x74,
    0x2e,0x67,0x6c,0x5f,0x50,0x6f,0x73,0x69,0x74,0x69,0x6f,0x6e,0x20,0x3d,0x20,0x67,
    0x6c,0x5f,0x50,0x6f,0x73,0x69,0x74,0x69,0x6f,0x6e,0x3b,0x0a,0x20,0x20,0x20,0x20,
    0x73,0x74,0x61,0x67,0x65,0x5f,0x6f,0x75,0x74,0x70,0x75,0x74,0x2e,0x76,0x5f,0x63,
    0x6f,0x6c,0x6f,0x72,0x20,0x3d,0x20,0x76,0x5f,0x63,0x6f,0x6c,0x6f,0x72,0x3b,0x0a,
    0x20,0x20,0x20,0x20,0x72,0x65,0x74,0x75,0x72,0x6e,0x20,0x73,0x74,0x61,0x67,0x65,
    0x5f,0x6f,0x75,0x74,0x70,0x75,0x74,0x3b,0x0a,0x7d,0x0a,0x00,
};
/*
    static float4 frag_color;
    static float4 v_color;

    struct SPIRV_Cross_Input
    {
        float4 v_color : TEXCOORD0;
    };

    struct SPIRV_Cross_Output
    {
        float4 frag_color : SV_Target0;
    };

    void frag_main()
    {
        frag_color = v_color;
    }

    SPIRV_Cross_Output main(SPIRV_Cross_Input stage_input)
    {
        v_color = stage_input.v_color;
        frag_main();
        SPIRV_Cross_Output stage_output;
        stage_output.frag_color = frag_color;
        return stage_output;
    }
*/
static const uint8_t oe_color_fs_source_hlsl5[445] = {
    0x73,0x74,0x61,0x74,0x69,0x63,0x20,0x66,0x6c,0x6f,0x61,0x74,0x34,0x20,0x66,0x72,
    0x61,0x67,0x5f,0x63,0x6f,0x6c,0x6f,0x72,0x3b,0x0a,0x73,0x74,0x61,0x74,0x69,0x63,
    0x20,0x66,0x6c,0x6f,0x61,0x74,0x34,0x20,0x76,0x5f,0x63,0x6f,0x6c,0x6f,0x72,0x3b,
    0x0a,0x0a,0x73,0x74,0x72,0x75,0x63,0x74,0x20,0x53,0x50,0x49,0x52,0x56,0x5f,0x43,
    0x72,0x6f,0x73,0x73,0x5f,0x49,0x6e,0x70,0x75,0x74,0x0a,0x7b,0x0a,0x20,0x20,0x20,
    0x20,0x66,0x6c,0x6f,0x61,0x74,0x34,0x20,0x76,0x5f,0x63,0x6f,0x6c,0x6f,0x72,0x20,
    0x3a,0x20,0x54,0x45,0x58,0x43,0x4f,0x4f,0x52,0x44,0x30,0x3b,0x0a,0x7d,0x3b,0x0a,
    0x0a,0x73,0x74,0x72,0x75,0x63,0x74,0x20,0x53,0x50,0x49,0x52,0x56,0x5f,0x43,0x72,
    0x6f,0x73,0x73,0x5f,0x4f,0x75,0x74,0x70,0x75,0x74,0x0a,0x7b,0x0a,0x20,0x20,0x20,
    0x20,0x66,0x6c,0x6f,0x61,0x74,0x34,0x20,0x66,0x72,0x61,0x67,0x5f,0x63,0x6f,0x6c,
    0x6f,0x72,0x20,0x3a,0x20,0x53,0x56,0x5f,0x54,0x61,0x72,0x67,0x65,0x74,0x30,0x3b,
    0x0a,0x7d,0x3b,0x0a,0x0a,0x76,0x6f,0x69,0x64,0x20,0x66,0x72,0x61,0x67,0x5f,0x6d,
    0x61,0x69,0x6e,0x28,0x29,0x0a,0x7b,0x0a,0x20,0x20,0x20,0x20,0x66,0x72,0x61,0x67,
    0x5f,0x63,0x6f,0x6c,0x6f,0x72,0x20,0x3d,0x20,0x76,0x5f,0x63,0x6f,0x6c,0x6f,0x72,
    0x3b,0x0a,0x7d,0x0a,0x0a,0x53,0x50,0x49,0x52,0x56,0x5f,0x43,0x72,0x6f,0x73,0x73,
    0x5f,0x4f,0x75,0x74,0x70,0x75,0x74,0x20,0x6d,0x61,0x69,0x6e,0x28,0x53,0x50,0x49,
    0x52,0x56,0x5f,0x43,0x72,0x6f,0x73,0x73,0x5f,0x49,0x6e,0x70,0x75,0x74,0x20,0x73,
    0x74,0x61,0x67,0x65,0x5f,0x69,0x6e,0x70,0x75,0x74,0x29,0x0a,0x7b,0x0a,0x20,0x20,
    0x20,0x20,0x76,0x5f,0x63,0x6f,0x6c,0x6f,0x72,0x20,0x3d,0x20,0x73,0x74,0x61,0x67,
    0x65,0x5f,0x69,0x6e,0x70,0x75,0x74,0x2e,0x76,0x5f,0x63,0x6f,0x6c,0x6f,0x72,0x3b,
    0x0a,0x20,0x20,0x20,0x20,0x66,0x72,0x61,0x67,0x5f,0x6d,0x61,0x69,0x6e,0x28,0x29,
    0x3b,0x0a,0x20,0x20,0x20,0x20,0x53,0x50,0x49,0x52,0x56,0x5f,0x43,0x72,0x6f,0x73,
    0x73,0x5f,0x4f,0x75,0x74,0x70,0x75,0x74,0x20,0x73,0x74,0x61,0x67,0x65,0x5f,0x6f,
    0x75,0x74,0x70,0x75,0x74,0x3b,0x0a,0x20,0x20,0x20,0x20,0x73,0x74,0x61,0x67,0x65,
    0x5f,0x6f,0x75,0x74,0x70,0x75,0x74,0x2e,0x66,0x72,0x61,0x67,0x5f,0x63,0x6f,0x6c,
    0x6f,0x72,0x20,0x3d,0x20,0x66,0x72,0x61,0x67,0x5f,0x63,0x6f,0x6c,0x6f,0x72,0x3b,
    0x0a,0x20,0x20,0x20,0x20,0x72,0x65,0x74,0x75,0x72,0x6e,0x20,0x73,0x74,0x61,0x67,
    0x65,0x5f,0x6f,0x75,0x74,0x70,0x75,0x74,0x3b,0x0a,0x7d,0x0a,0x00,
};
/*
    static float4 gl_Position;
    static int gl_VertexIndex;
    struct SPIRV_Cross_Input
    {
        uint gl_VertexIndex : SV_VertexID;
    };

    struct SPIRV_Cross_Output
    {
        float4 gl_Position : SV_Position;
    };

    void vert_main()
    {
        gl_Position = float4((float2(float((gl_VertexIndex << 1) & 2), float(gl_VertexIndex & 2)) * 2.0f) - 1.0f.xx, 0.0f, 1.0f);
        gl_Position.z = (gl_Position.z + gl_Position.w) * 0.5;
    }

    SPIRV_Cross_Output main(SPIRV_Cross_Input stage_input)
    {
        gl_VertexIndex = int(stage_input.gl_VertexIndex);
        vert_main();
        SPIRV_Cross_Output stage_output;
        stage_output.gl_Position = gl_Position;
        return stage_output;
    }
*/
static const uint8_t oe_fsq_vs_source_hlsl5[638] = {
    0x73,0x74,0x61,0x74,0x69,0x63,0x20,0x66,0x6c,0x6f,0x61,0x74,0x34,0x20,0x67,0x6c,
    0x5f,0x50,0x6f,0x73,0x69,0x74,0x69,0x6f,0x6e,0x3b,0x0a,0x73,0x74,0x61,0x74,0x69,
    0x63,0x20,0x69,0x6e,0x74,0x20,0x67,0x6c,0x5f,0x56,0x65,0x72,0x74,0x65,0x78,0x49,
    0x6e,0x64,0x65,0x78,0x3b,0x0a,0x73,0x74,0x72,0x75,0x63,0x74,0x20,0x53,0x50,0x49,
    0x52,0x56,0x5f,0x43,0x72,0x6f,0x73,0x73,0x5f,0x49,0x6e,0x70,0x75,0x74,0x0a,0x7b,
    0x0a,0x20,0x20,0x20,0x20,0x75,0x69,0x6e,0x74,0x20,0x67,0x6c,0x5f,0x56,0x65,0x72,
    0x74,0x65,0x78,0x49,0x6e,0x64,0x65,0x78,0x20,0x3a,0x20,0x53,0x56,0x5f,0x56,0x65,
    0x72,0x74,0x65,0x78,0x49,0x44,0x3b,0x0a,0x7d,0x3b,0x0a,0x0a,0x73,0x74,0x72,0x75,
    0x63,0x74,0x20,0x53,0x50,0x49,0x52,0x56,0x5f,0x43,0x72,0x6f,0x73,0x73,0x5f,0x4f,
    0x75,0x74,0x70,0x75,0x74,0x0a,0x7b,0x0a,0x20,0x20,0x20,0x20,0x66,0x6c,0x6f,0x61,
    0x74,0x34,0x20,0x67,0x6c,0x5f,0x50,0x6f,0x73,0x69,0x74,0x69,0x6f,0x6e,0x20,0x3a,
    0x20,0x53,0x56,0x5f,0x50,0x6f,0x73,0x69,0x74,0x69,0x6f,0x6e,0x3b,0x0a,0x7d,0x3b,
    0x0a,0x0a,0x76,0x6f,0x69,0x64,0x20,0x76,0x65,0x72,0x74,0x5f,0x6d,0x61,0x69,0x6e,
    0x28,0x29,0x0a,0x7b,0x0a,0x20,0x20,0x20,0x20,0x67,0x6c,0x5f,0x50,0x6f,0x73,0x69,
    0x74,0x69,0x6f,0x6e,0x20,0x3d,0x20,0x66,0x6c,0x6f,0x61,0x74,0x34,0x28,0x28,0x66,
    0x6c,0x6f,0x61,0x74,0x32,0x28,0x66,0x6c,0x6f,0x61,0x74,0x28,0x28,0x67,0x6c,0x5f,
    0x56,0x65,0x72,0x74,0x65,0x78,0x49,0x6e,0x64,0x65,0x78,0x20,0x3c,0x3c,0x20,0x31,
    0x29,0x20,0x26,0x20,0x32,0x29,0x2c,0x20,0x66,0x6c,0x6f,0x61,0x74,0x28,0x67,0x6c,
    0x5f,0x56,0x65,0x72,0x74,0x65,0x78,0x49,0x6e,0x64,0x65,0x78,0x20,0x26,0x20,0x32,
    0x29,0x29,0x20,0x2a,0x20,0x32,0x2e,0x30,0x66,0x29,0x20,0x2d,0x20,0x31,0x2e,0x30,
    0x66,0x2e,0x78,0x78,0x2c,0x20,0x30,0x2e,0x30,0x66,0x2c,0x20,0x31,0x2e,0x30,0x66,
    0x29,0x3b,0x0a,0x20,0x20,0x20,0x20,0x67,0x6c,0x5f,0x50,0x6f,0x73,0x69,0x74,0x69,
    0x6f,0x6e,0x2e,0x7a,0x20,0x3d,0x20,0x28,0x67,0x6c,0x5f,0x50,0x6f,0x73,0x69,0x74,
    0x69,0x6f,0x6e,0x2e,0x7a,0x20,0x2b,0x20,0x67,0x6c,0x5f,0x50,0x6f,0x73,0x69,0x74,
    0x69,0x6f,0x6e,0x2e,0x77,0x29,0x20,0x2a,0x20,0x30,0x2e,0x35,0x3b,0x0a,0x7d,0x0a,
    0x0a,0x53,0x50,0x49,0x52,0x56,0x5f,0x43,0x72,0x6f,0x73,0x73,0x5f,0x4f,0x75,0x74,
    0x70,0x75,0x74,0x20,0x6d,0x61,0x69,0x6e,0x28,0x53,0x50,0x49,0x52,0x56,0x5f,0x43,
    0x72,0x6f,0x73,0x73,0x5f,0x49,0x6e,0x70,0x75,0x74,0x20,0x73,0x74,0x61,0x67,0x65,
    0x5f,0x69,0x6e,0x70,0x75,0x74,0x29,0x0a,0x7b,0x0a,0x20,0x20,0x20,0x20,0x67,0x6c,
    0x5f,0x56,0x65,0x72,0x74,0x65,0x78,0x49,0x6e,0x64,0x65,0x78,0x20,0x3d,0x20,0x69,
    0x6e,0x74,0x28,0x73,0x74,0x61,0x67,0x65,0x5f,0x69,0x6e,0x70,0x75,0x74,0x2e,0x67,
    0x6c,0x5f,0x56,0x65,0x72,0x74,0x65,0x78,0x49,0x6e,0x64,0x65,0x78,0x29,0x3b,0x0a,
    0x20,0x20,0x20,0x20,0x76,0x65,0x72,0x74,0x5f,0x6d,0x61,0x69,0x6e,0x28,0x29,0x3b,
    0x0a,0x20,0x20,0x20,0x20,0x53,0x50,0x49,0x52,0x56,0x5f,0x43,0x72,0x6f,0x73,0x73,
    0x5f,0x4f,0x75,0x74,0x70,0x75,0x74,0x20,0x73,0x74,0x61,0x67,0x65,0x5f,0x6f,0x75,
    0x74,0x70,0x75,0x74,0x3b,0x0a,0x20,0x20,0x20,0x20,0x73,0x74,0x61,0x67,0x65,0x5f,
    0x6f,0x75,0x74,0x70,0x75,0x74,0x2e,0x67,0x6c,0x5f,0x50,0x6f,0x73,0x69,0x74,0x69,
    0x6f,0x6e,0x20,0x3d,0x20,0x67,0x6c,0x5f,0x50,0x6f,0x73,0x69,0x74,0x69,0x6f,0x6e,
    0x3b,0x0a,0x20,0x20,0x20,0x20,0x72,0x65,0x74,0x75,0x72,0x6e,0x20,0x73,0x74,0x61,
    0x67,0x65,0x5f,0x6f,0x75,0x74,0x70,0x75,0x74,0x3b,0x0a,0x7d,0x0a,0x00,
};
/*
    cbuffer composite_params : register(b0)
    {
        float4 _17_target : packoffset(c0);
        float4 _17_outline_color : packoffset(c1);
    };

    Texture2D<float4> scene_tex : register(t0);
    SamplerState scene_smp : register(s0);
    Texture2D<float4> mask_tex : register(t1);
    SamplerState mask_smp : register(s1);

    static float4 gl_FragCoord;
    static float4 frag_color;

    struct SPIRV_Cross_Input
    {
        float4 gl_FragCoord : SV_Position;
    };

    struct SPIRV_Cross_Output
    {
        float4 frag_color : SV_Target0;
    };

    uint2 spvTextureSize(Texture2D<float4> Tex, uint Level, out uint Param)
    {
        uint2 ret;
        Tex.GetDimensions(Level, ret.x, ret.y, Param);
        return ret;
    }

    void frag_main()
    {
        float2 _24 = gl_FragCoord.xy / _17_target.xy;
        float3 c = scene_tex.Sample(scene_smp, _24).xyz;
        if (_17_outline_color.w > 0.0f)
        {
            uint _61_dummy_parameter;
            int2 _61 = int2(spvTextureSize(mask_tex, uint(0), _61_dummy_parameter));
            int2 _67 = int2(_24 * float2(_61));
            if (mask_tex.Load(int3(_67, 0)).x < 0.5f)
            {
                bool edge = false;
                for (int dy = -2; dy <= 2; dy++)
                {
                    for (int dx = -2; dx <= 2; dx++)
                    {
                        bool _125;
                        if (!edge)
                        {
                            _125 = mask_tex.Load(int3(clamp(_67 + int2(dx, dy), int2(0, 0), _61 - int2(1, 1)), 0)).x > 0.5f;
                        }
                        else
                        {
                            _125 = edge;
                        }
                        edge = _125;
                    }
                }
                if (edge)
                {
                    c = _17_outline_color.xyz;
                }
            }
        }
        frag_color = float4(c, 1.0f);
    }

    SPIRV_Cross_Output main(SPIRV_Cross_Input stage_input)
    {
        gl_FragCoord = stage_input.gl_FragCoord;
        gl_FragCoord.w = 1.0 / gl_FragCoord.w;
        frag_main();
        SPIRV_Cross_Output stage_output;
        stage_output.frag_color = frag_color;
        return stage_output;
    }
*/
static const uint8_t oe_composite_fs_source_hlsl5[2003] = {
    0x63,0x62,0x75,0x66,0x66,0x65,0x72,0x20,0x63,0x6f,0x6d,0x70,0x6f,0x73,0x69,0x74,
    0x65,0x5f,0x70,0x61,0x72,0x61,0x6d,0x73,0x20,0x3a,0x20,0x72,0x65,0x67,0x69,0x73,
    0x74,0x65,0x72,0x28,0x62,0x30,0x29,0x0a,0x7b,0x0a,0x20,0x20,0x20,0x20,0x66,0x6c,
    0x6f,0x61,0x74,0x34,0x20,0x5f,0x31,0x37,0x5f,0x74,0x61,0x72,0x67,0x65,0x74,0x20,
    0x3a,0x20,0x70,0x61,0x63,0x6b,0x6f,0x66,0x66,0x73,0x65,0x74,0x28,0x63,0x30,0x29,
    0x3b,0x0a,0x20,0x20,0x20,0x20,0x66,0x6c,0x6f,0x61,0x74,0x34,0x20,0x5f,0x31,0x37,
    0x5f,0x6f,0x75,0x74,0x6c,0x69,0x6e,0x65,0x5f,0x63,0x6f,0x6c,0x6f,0x72,0x20,0x3a,
    0x20,0x70,0x61,0x63,0x6b,0x6f,0x66,0x66,0x73,0x65,0x74,0x28,0x63,0x31,0x29,0x3b,
    0x0a,0x7d,0x3b,0x0a,0x0a,0x54,0x65,0x78,0x74,0x75,0x72,0x65,0x32,0x44,0x3c,0x66,
    0x6c,0x6f,0x61,0x74,0x34,0x3e,0x20,0x73,0x63,0x65,0x6e,0x65,0x5f,0x74,0x65,0x78,
    0x20,0x3a,0x20,0x72,0x65,0x67,0x69,0x73,0x74,0x65,0x72,0x28,0x74,0x30,0x29,0x3b,
    0x0a,0x53,0x61,0x6d,0x70,0x6c,0x65,0x72,0x53,0x74,0x61,0x74,0x65,0x20,0x73,0x63,
    0x65,0x6e,0x65,0x5f,0x73,0x6d,0x70,0x20,0x3a,0x20,0x72,0x65,0x67,0x69,0x73,0x74,
    0x65,0x72,0x28,0x73,0x30,0x29,0x3b,0x0a,0x54,0x65,0x78,0x74,0x75,0x72,0x65,0x32,
    0x44,0x3c,0x66,0x6c,0x6f,0x61,0x74,0x34,0x3e,0x20,0x6d,0x61,0x73,0x6b,0x5f,0x74,
    0x65,0x78,0x20,0x3a,0x20,0x72,0x65,0x67,0x69,0x73,0x74,0x65,0x72,0x28,0x74,0x31,
    0x29,0x3b,0x0a,0x53,0x61,0x6d,0x70,0x6c,0x65,0x72,0x53,0x74,0x61,0x74,0x65,0x20,
    0x6d,0x61,0x73,0x6b,0x5f,0x73,0x6d,0x70,0x20,0x3a,0x20,0x72,0x65,0x67,0x69,0x73,
    0x74,0x65,0x72,0x28,0x73,0x31,0x29,0x3b,0x0a,0x0a,0x73,0x74,0x61,0x74,0x69,0x63,
    0x20,0x66,0x6c,0x6f,0x61,0x74,0x34,0x20,0x67,0x6c,0x5f,0x46,0x72,0x61,0x67,0x43,
    0x6f,0x6f,0x72,0x64,0x3b,0x0a,0x73,0x74,0x61,0x74,0x69,0x63,0x20,0x66,0x6c,0x6f,
    0x61,0x74,0x34,0x20,0x66,0x72,0x61,0x67,0x5f,0x63,0x6f,0x6c,0x6f,0x72,0x3b,0x0a,
    0x0a,0x73,0x74,0x72,0x75,0x63,0x74,0x20,0x53,0x50,0x49,0x52,0x56,0x5f,0x43,0x72,
    0x6f,0x73,0x73,0x5f,0x49,0x6e,0x70,0x75,0x74,0x0a,0x7b,0x0a,0x20,0x20,0x20,0x20,
    0x66,0x6c,0x6f,0x61,0x74,0x34,0x20,0x67,0x6c,0x5f,0x46,0x72,0x61,0x67,0x43,0x6f,
    0x6f,0x72,0x64,0x20,0x3a,0x20,0x53,0x56,0x5f,0x50,0x6f,0x73,0x69,0x74,0x69,0x6f,
    0x6e,0x3b,0x0a,0x7d,0x3b,0x0a,0x0a,0x73,0x74,0x72,0x75,0x63,0x74,0x20,0x53,0x50,
    0x49,0x52,0x56,0x5f,0x43,0x72,0x6f,0x73,0x73,0x5f,0x4f,0x75,0x74,0x70,0x75,0x74,
    0x0a,0x7b,0x0a,0x20,0x20,0x20,0x20,0x66,0x6c,0x6f,0x61,0x74,0x34,0x20,0x66,0x72,
    0x61,0x67,0x5f,0x63,0x6f,0x6c,0x6f,0x72,0x20,0x3a,0x20,0x53,0x56,0x5f,0x54,0x61,
    0x72,0x67,0x65,0x74,0x30,0x3b,0x0a,0x7d,0x3b,0x0a,0x0a,0x75,0x69,0x6e,0x74,0x32,
    0x20,0x73,0x70,0x76,0x54,0x65,0x78,0x74,0x75,0x72,0x65,0x53,0x69,0x7a,0x65,0x28,
    0x54,0x65,0x78,0x74,0x75,0x72,0x65,0x32,0x44,0x3c,0x66,0x6c,0x6f,0x61,0x74,0x34,
    0x3e,0x20,0x54,0x65,0x78,0x2c,0x20,0x75,0x69,0x6e,0x74,0x20,0x4c,0x65,0x76,0x65,
    0x6c,0x2c,0x20,0x6f,0x75,0x74,0x20,0x75,0x69,0x6e,0x74,0x20,0x50,0x61,0x72,0x61,
    0x6d,0x29,0x0a,0x7b,0x0a,0x20,0x20,0x20,0x20,0x75,0x69,0x6e,0x74,0x32,0x20,0x72,
    0x65,0x74,0x3b,0x0a,0x20,0x20,0x20,0x20,0x54,0x65,0x78,0x2e,0x47,0x65,0x74,0x44,
    0x69,0x6d,0x65,0x6e,0x73,0x69,0x6f,0x6e,0x73,0x28,0x4c,0x65,0x76,0x65,0x6c,0x2c,
    0x20,0x72,0x65,0x74,0x2e,0x78,0x2c,0x20,0x72,0x65,0x74,0x2e,0x79,0x2c,0x20,0x50,
    0x61,0x72,0x61,0x6d,0x29,0x3b,0x0a,0x20,0x20,0x20,0x20,0x72,0x65,0x74,0x75,0x72,
    0x6e,0x20,0x72,0x65,0x74,0x3b,0x0a,0x7d,0x0a,0x0a,0x76,0x6f,0x69,0x64,0x20,0x66,
    0x72,0x61,0x67,0x5f,0x6d,0x61,0x69,0x6e,0x28,0x29,0x0a,0x7b,0x0a,0x20,0x20,0x20,
    0x20,0x66,0x6c,0x6f,0x61,0x74,0x32,0x20,0x5f,0x32,0x34,0x20,0x3d,0x20,0x67,0x6c,
    0x5f,0x46,0x72,0x61,0x67,0x43,0x6f,0x6f,0x72,0x64,0x2e,0x78,0x79,0x20,0x2f,0x20,
    0x5f,0x31,0x37,0x5f,0x74,0x61,0x72,0x67,0x65,0x74,0x2e,0x78,0x79,0x3b,0x0a,0x20,
    0x20,0x20,0x20,0x66,0x6c,0x6f,0x61,0x74,0x33,0x20,0x63,0x20,0x3d,0x20,0x73,0x63,
    0x65,0x6e,0x65,0x5f,0x74,0x65,0x78,0x2e,0x53,0x61,0x6d,0x70,0x6c,0x65,0x28,0x73,
    0x63,0x65,0x6e,0x65,0x5f,0x73,0x6d,0x70,0x2c,0x20,0x5f,0x32,0x34,0x29,0x2e,0x78,
    0x79,0x7a,0x3b,0x0a,0x20,0x20,0x20,0x20,0x69,0x66,0x20,0x28,0x5f,0x31,0x37,0x5f,
    0x6f,0x75,0x74,0x6c,0x69,0x6e,0x65,0x5f,0x63,0x6f,0x6c,0x6f,0x72,0x2e,0x77,0x20,
    0x3e,0x20,0x30,0x2e,0x30,0x66,0x29,0x0a,0x20,0x20,0x20,0x20,0x7b,0x0a,0x20,0x20,
    0x20,0x20,0x20,0x20,0x20,0x20,0x75,0x69,0x6e,0x74,0x20,0x5f,0x36,0x31,0x5f,0x64,
    0x75,0x6d,0x6d,0x79,0x5f,0x70,0x61,0x72,0x61,0x6d,0x65,0x74,0x65,0x72,0x3b,0x0a,
    0x20,0x20,0x20,0x20,0x20,0x20,0x20,0x20,0x69,0x6e,0x74,0x32,0x20,0x5f,0x36,0x31,
    0x20,0x3d,0x20,0x69,0x6e,0x74,0x32,0x28,0x73,0x70,0x76,0x54,0x65,0x78,0x74,0x75,
    0x72,0x65,0x53,0x69,0x7a,0x65,0x28,0x6d,0x61,0x73,0x6b,0x5f,0x74,0x65,0x78,0x2c,
    0x20,0x75,0x69,0x6e,0x74,0x28,0x30,0x29,0x2c,0x20,0x5f,0x36,0x31,0x5f,0x64,0x75,
    0x6d,0x6d,0x79,0x5f,0x70,0x61,0x72,0x61,0x6d,0x65,0x74,0x65,0x72,0x29,0x29,0x3b,
    0x0a,0x20,0x20,0x20,0x20,0x20,0x20,0x20,0x20,0x69,0x6e,0x74,0x32,0x20,0x5f,0x36,
    0x37,0x20,0x3d,0x20,0x69,0x6e,0x74,0x32,0x28,0x5f,0x32,0x34,0x20,0x2a,0x20,0x66,
    0x6c,0x6f,0x61,0x74,0x32,0x28,0x5f,0x36,0x31,0x29,0x29,0x3b,0x0a,0x20,0x20,0x20,
    0x20,0x20,0x20,0x20,0x20,0x69,0x66,0x20,0x28,0x6d,0x61,0x73,0x6b,0x5f,0x74,0x65,
    0x78,0x2e,0x4c,0x6f,0x61,0x64,0x28,0x69,0x6e,0x74,0x33,0x28,0x5f,0x36,0x37,0x2c,
    0x20,0x30,0x29,0x29,0x2e,0x78,0x20,0x3c,0x20,0x30,0x2e,0x35,0x66,0x29,0x0a,0x20,
    0x20,0x20,0x20,0x20,0x20,0x20,0x20,0x7b,0x0a,0x20,0x20,0x20,0x20,0x20,0x20,0x20,
    0x20,0x20,0x20,0x20,0x20,0x62,0x6f,0x6f,0x6c,0x20,0x65,0x64,0x67,0x65,0x20,0x3d,
    0x20,0x66,0x61,0x6c,0x73,0x65,0x3b,0x0a,0x20,0x20,0x20,0x20,0x20,0x20,0x20,0x20,
    0x20,0x20,0x20,0x20,0x66,0x6f,0x72,0x20,0x28,0x69,0x6e,0x74,0x20,0x64,0x79,0x20,
    0x3d,0x20,0x2d,0x32,0x3b,0x20,0x64,0x79,0x20,0x3c,0x3d,0x20,0x32,0x3b,0x20,0x64,
    0x79,0x2b,0x2b,0x29,0x0a,0x20,0x20,0x20,0x20,0x20,0x20,0x20,0x20,0x20,0x20,0x20,
    0x20,0x7b,0x0a,0x20,0x20,0x20,0x20,0x20,0x20,0x20,0x20,0x20,0x20,0x20,0x20,0x20,
    0x20,0x20,0x20,0x66,0x6f,0x72,0x20,0x28,0x69,0x6e,0x74,0x20,0x64,0x78,0x20,0x3d,
    0x20,0x2d,0x32,0x3b,0x20,0x64,0x78,0x20,0x3c,0x3d,0x20,0x32,0x3b,0x20,0x64,0x78,
    0x2b,0x2b,0x29,0x0a,0x20,0x20,0x20,0x20,0x20,0x20,0x20,0x20,0x20,0x20,0x20,0x20,
    0x20,0x20,0x20,0x20,0x7b,0x0a,0x20,0x20,0x20,0x20,0x20,0x20,0x20,0x20,0x20,0x20,
    0x20,0x20,0x20,0x20,0x20,0x20,0x20,0x20,0x20,0x20,0x62,0x6f,0x6f,0x6c,0x20,0x5f,
    0x31,0x32,0x35,0x3b,0x0a,0x20,0x20,0x20,0x20,0x20,0x20,0x20,0x20,0x20,0x20,0x20,
    0x20,0x20,0x20,0x20,0x20,0x20,0x20,0x20,0x20,0x69,0x66,0x20,0x28,0x21,0x65,0x64,
    0x67,0x65,0x29,0x0a,0x20,0x20,0x20,0x20,0x20,0x20,0x20,0x20,0x20,0x20,0x20,0x20,
    0x20,0x20,0x20,0x20,0x20,0x20,0x20,0x20,0x7b,0x0a,0x20,0x20,0x20,0x20,0x20,0x20,
    0x20,0x20,0x20,0x20,0x20,0x20,0x20,0x20,0x20,0x20,0x20,0x20,0x20,0x20,0x20,0x20,
    0x20,0x20,0x5f,0x31,0x32,0x35,0x20,0x3d,0x20,0x6d,0x61,0x73,0x6b,0x5f,0x74,0x65,
    0x78,0x2e,0x4c,0x6f,0x61,0x64,0x28,0x69,0x6e,0x74,0x33,0x28,0x63,0x6c,0x61,0x6d,
    0x70,0x28,0x5f,0x36,0x37,0x20,0x2b,0x20,0x69,0x6e,0x74,0x32,0x28,0x64,0x78,0x2c,
    0x20,0x64,0x79,0x29,0x2c,0x20,0x69,0x6e,0x74,0x32,0x28,0x30,0x2c,0x20,0x30,0x29,
    0x2c,0x20,0x5f,0x36,0x31,0x20,0x2d,0x20,0x69,0x6e,0x74,0x32,0x28,0x31,0x2c,0x20,
    0x31,0x29,0x29,0x2c,0x20,0x30,0x29,0x29,0x2e,0x78,0x20,0x3e,0x20,0x30,0x2e,0x35,
    0x66,0x3b,0x0a,0x20,0x20,0x20,0x20,0x20,0x20,0x20,0x20,0x20,0x20,0x20,0x20,0x20,
    0x20,0x20,0x20,0x20,0x20,0x20,0x20,0x7d,0x0a,0x20,0x20,0x20,0x20,0x20,0x20,0x20,
    0x20,0x20,0x20,0x20,0x20,0x20,0x20,0x20,0x20,0x20,0x20,0x20,0x20,0x65,0x6c,0x73,
    0x65,0x0a,0x20,0x20,0x20,0x20,0x20,0x20,0x20,0x20,0x20,0x20,0x20,0x20,0x20,0x20,
    0x20,0x20,0x20,0x20,0x20,0x20,0x7b,0x0a,0x20,0x20,0x20,0x20,0x20,0x20,0x20,0x20,
    0x20,0x20,0x20,0x20,0x20,0x20,0x20,0x20,0x20,0x20,0x20,0x20,0x20,0x20,0x20,0x20,
    0x5f,0x31,0x32,0x35,0x20,0x3d,0x20,0x65,0x64,0x67,0x65,0x3b,0x0a,0x20,0x20,0x20,
    0x20,0x20,0x20,0x20,0x20,0x20,0x20,0x20,0x20,0x20,0x20,0x20,0x20,0x20,0x20,0x20,
    0x20,0x7d,0x0a,0x20,0x20,0x20,0x20,0x20,0x20,0x20,0x20,0x20,0x20,0x20,0x20,0x20,
    0x20,0x20,0x20,0x20,0x20,0x20,0x20,0x65,0x64,0x67,0x65,0x20,0x3d,0x20,0x5f,0x31,
    0x32,0x35,0x3b,0x0a,0x20,0x20,0x20,0x20,0x20,0x20,0x20,0x20,0x20,0x20,0x20,0x20,
    0x20,0x20,0x20,0x20,0x7d,0x0a,0x20,0x20,0x20,0x20,0x20,0x20,0x20,0x20,0x20,0x20,
    0x20,0x20,0x7d,0x0a,0x20,0x20,0x20,0x20,0x20,0x20,0x20,0x20,0x20,0x20,0x20,0x20,
    0x69,0x66,0x20,0x28,0x65,0x64,0x67,0x65,0x29,0x0a,0x20,0x20,0x20,0x20,0x20,0x20,
    0x20,0x20,0x20,0x20,0x20,0x20,0x7b,0x0a,0x20,0x20,0x20,0x20,0x20,0x20,0x20,0x20,
    0x20,0x20,0x20,0x20,0x20,0x20,0x20,0x20,0x63,0x20,0x3d,0x20,0x5f,0x31,0x37,0x5f,
    0x6f,0x75,0x74,0x6c,0x69,0x6e,0x65,0x5f,0x63,0x6f,0x6c,0x6f,0x72,0x2e,0x78,0x79,
    0x7a,0x3b,0x0a,0x20,0x20,0x20,0x20,0x20,0x20,0x20,0x20,0x20,0x20,0x20,0x20,0x7d,
    0x0a,0x20,0x20,0x20,0x20,0x20,0x20,0x20,0x20,0x7d,0x0a,0x20,0x20,0x20,0x20,0x7d,
    0x0a,0x20,0x20,0x20,0x20,0x66,0x72,0x61,0x67,0x5f,0x63,0x6f,0x6c,0x6f,0x72,0x20,
    0x3d,0x20,0x66,0x6c,0x6f,0x61,0x74,0x34,0x28,0x63,0x2c,0x20,0x31,0x2e,0x30,0x66,
    0x29,0x3b,0x0a,0x7d,0x0a,0x0a,0x53,0x50,0x49,0x52,0x56,0x5f,0x43,0x72,0x6f,0x73,
    0x73,0x5f,0x4f,0x75,0x74,0x70,0x75,0x74,0x20,0x6d,0x61,0x69,0x6e,0x28,0x53,0x50,
    0x49,0x52,0x56,0x5f,0x43,0x72,0x6f,0x73,0x73,0x5f,0x49,0x6e,0x70,0x75,0x74,0x20,
    0x73,0x74,0x61,0x67,0x65,0x5f,0x69,0x6e,0x70,0x75,0x74,0x29,0x0a,0x7b,0x0a,0x20,
    0x20,0x20,0x20,0x67,0x6c,0x5f,0x46,0x72,0x61,0x67,0x43,0x6f,0x6f,0x72,0x64,0x20,
    0x3d,0x20,0x73,0x74,0x61,0x67,0x65,0x5f,0x69,0x6e,0x70,0x75,0x74,0x2e,0x67,0x6c,
    0x5f,0x46,0x72,0x61,0x67,0x43,0x6f,0x6f,0x72,0x64,0x3b,0x0a,0x20,0x20,0x20,0x20,
    0x67,0x6c,0x5f,0x46,0x72,0x61,0x67,0x43,0x6f,0x6f,0x72,0x64,0x2e,0x77,0x20,0x3d,
    0x20,0x31,0x2e,0x30,0x20,0x2f,0x20,0x67,0x6c,0x5f,0x46,0x72,0x61,0x67,0x43,0x6f,
    0x6f,0x72,0x64,0x2e,0x77,0x3b,0x0a,0x20,0x20,0x20,0x20,0x66,0x72,0x61,0x67,0x5f,
    0x6d,0x61,0x69,0x6e,0x28,0x29,0x3b,0x0a,0x20,0x20,0x20,0x20,0x53,0x50,0x49,0x52,
    0x56,0x5f,0x43,0x72,0x6f,0x73,0x73,0x5f,0x4f,0x75,0x74,0x70,0x75,0x74,0x20,0x73,
    0x74,0x61,0x67,0x65,0x5f,0x6f,0x75,0x74,0x70,0x75,0x74,0x3b,0x0a,0x20,0x20,0x20,
    0x20,0x73,0x74,0x61,0x67,0x65,0x5f,0x6f,0x75,0x74,0x70,0x75,0x74,0x2e,0x66,0x72,
    0x61,0x67,0x5f,0x63,0x6f,0x6c,0x6f,0x72,0x20,0x3d,0x20,0x66,0x72,0x61,0x67,0x5f,
    0x63,0x6f,0x6c,0x6f,0x72,0x3b,0x0a,0x20,0x20,0x20,0x20,0x72,0x65,0x74,0x75,0x72,
    0x6e,0x20,0x73,0x74,0x61,0x67,0x65,0x5f,0x6f,0x75,0x74,0x70,0x75,0x74,0x3b,0x0a,
    0x7d,0x0a,0x00,
};
static inline const sg_shader_desc* oe_composite_shader_desc(sg_backend backend) {
    if (backend == SG_BACKEND_GLCORE) {
        static sg_shader_desc desc;
        static bool valid;
        if (!valid) {
            valid = true;
            desc.vertex_func.source = (const char*)oe_fsq_vs_source_glsl430;
            desc.vertex_func.entry = "main";
            desc.fragment_func.source = (const char*)oe_composite_fs_source_glsl430;
            desc.fragment_func.entry = "main";
            desc.uniform_blocks[0].stage = SG_SHADERSTAGE_FRAGMENT;
            desc.uniform_blocks[0].layout = SG_UNIFORMLAYOUT_STD140;
            desc.uniform_blocks[0].size = 32;
            desc.uniform_blocks[0].glsl_uniforms[0].type = SG_UNIFORMTYPE_FLOAT4;
            desc.uniform_blocks[0].glsl_uniforms[0].array_count = 2;
            desc.uniform_blocks[0].glsl_uniforms[0].glsl_name = "composite_params";
            desc.views[0].texture.stage = SG_SHADERSTAGE_FRAGMENT;
            desc.views[0].texture.image_type = SG_IMAGETYPE_2D;
            desc.views[0].texture.sample_type = SG_IMAGESAMPLETYPE_FLOAT;
            desc.views[0].texture.multisampled = false;
            desc.views[1].texture.stage = SG_SHADERSTAGE_FRAGMENT;
            desc.views[1].texture.image_type = SG_IMAGETYPE_2D;
            desc.views[1].texture.sample_type = SG_IMAGESAMPLETYPE_FLOAT;
            desc.views[1].texture.multisampled = false;
            desc.samplers[0].stage = SG_SHADERSTAGE_FRAGMENT;
            desc.samplers[0].sampler_type = SG_SAMPLERTYPE_FILTERING;
            desc.samplers[1].stage = SG_SHADERSTAGE_FRAGMENT;
            desc.samplers[1].sampler_type = SG_SAMPLERTYPE_FILTERING;
            desc.texture_sampler_pairs[0].stage = SG_SHADERSTAGE_FRAGMENT;
            desc.texture_sampler_pairs[0].view_slot = 0;
            desc.texture_sampler_pairs[0].sampler_slot = 0;
            desc.texture_sampler_pairs[0].glsl_name = "scene_tex_scene_smp";
            desc.texture_sampler_pairs[1].stage = SG_SHADERSTAGE_FRAGMENT;
            desc.texture_sampler_pairs[1].view_slot = 1;
            desc.texture_sampler_pairs[1].sampler_slot = 1;
            desc.texture_sampler_pairs[1].glsl_name = "mask_tex_mask_smp";
            desc.label = "oe_composite_shader";
        }
        return &desc;
    }
    if (backend == SG_BACKEND_GLES3) {
        static sg_shader_desc desc;
        static bool valid;
        if (!valid) {
            valid = true;
            desc.vertex_func.source = (const char*)oe_fsq_vs_source_glsl300es;
            desc.vertex_func.entry = "main";
            desc.fragment_func.source = (const char*)oe_composite_fs_source_glsl300es;
            desc.fragment_func.entry = "main";
            desc.uniform_blocks[0].stage = SG_SHADERSTAGE_FRAGMENT;
            desc.uniform_blocks[0].layout = SG_UNIFORMLAYOUT_STD140;
            desc.uniform_blocks[0].size = 32;
            desc.uniform_blocks[0].glsl_uniforms[0].type = SG_UNIFORMTYPE_FLOAT4;
            desc.uniform_blocks[0].glsl_uniforms[0].array_count = 2;
            desc.uniform_blocks[0].glsl_uniforms[0].glsl_name = "composite_params";
            desc.views[0].texture.stage = SG_SHADERSTAGE_FRAGMENT;
            desc.views[0].texture.image_type = SG_IMAGETYPE_2D;
            desc.views[0].texture.sample_type = SG_IMAGESAMPLETYPE_FLOAT;
            desc.views[0].texture.multisampled = false;
            desc.views[1].texture.stage = SG_SHADERSTAGE_FRAGMENT;
            desc.views[1].texture.image_type = SG_IMAGETYPE_2D;
            desc.views[1].texture.sample_type = SG_IMAGESAMPLETYPE_FLOAT;
            desc.views[1].texture.multisampled = false;
            desc.samplers[0].stage = SG_SHADERSTAGE_FRAGMENT;
            desc.samplers[0].sampler_type = SG_SAMPLERTYPE_FILTERING;
            desc.samplers[1].stage = SG_SHADERSTAGE_FRAGMENT;
            desc.samplers[1].sampler_type = SG_SAMPLERTYPE_FILTERING;
            desc.texture_sampler_pairs[0].stage = SG_SHADERSTAGE_FRAGMENT;
            desc.texture_sampler_pairs[0].view_slot = 0;
            desc.texture_sampler_pairs[0].sampler_slot = 0;
            desc.texture_sampler_pairs[0].glsl_name = "scene_tex_scene_smp";
            desc.texture_sampler_pairs[1].stage = SG_SHADERSTAGE_FRAGMENT;
            desc.texture_sampler_pairs[1].view_slot = 1;
            desc.texture_sampler_pairs[1].sampler_slot = 1;
            desc.texture_sampler_pairs[1].glsl_name = "mask_tex_mask_smp";
            desc.label = "oe_composite_shader";
        }
        return &desc;
    }
    if (backend == SG_BACKEND_D3D11) {
        static sg_shader_desc desc;
        static bool valid;
        if (!valid) {
            valid = true;
            desc.vertex_func.source = (const char*)oe_fsq_vs_source_hlsl5;
            desc.vertex_func.d3d11_target = "vs_5_0";
            desc.vertex_func.entry = "main";
            desc.fragment_func.source = (const char*)oe_composite_fs_source_hlsl5;
            desc.fragment_func.d3d11_target = "ps_5_0";
            desc.fragment_func.entry = "main";
            desc.uniform_blocks[0].stage = SG_SHADERSTAGE_FRAGMENT;
            desc.uniform_blocks[0].layout = SG_UNIFORMLAYOUT_STD140;
            desc.uniform_blocks[0].size = 32;
            desc.uniform_blocks[0].hlsl_register_b_n = 0;
            desc.views[0].texture.stage = SG_SHADERSTAGE_FRAGMENT;
            desc.views[0].texture.image_type = SG_IMAGETYPE_2D;
            desc.views[0].texture.sample_type = SG_IMAGESAMPLETYPE_FLOAT;
            desc.views[0].texture.multisampled = false;
            desc.views[0].texture.hlsl_register_t_n = 0;
            desc.views[1].texture.stage = SG_SHADERSTAGE_FRAGMENT;
            desc.views[1].texture.image_type = SG_IMAGETYPE_2D;
            desc.views[1].texture.sample_type = SG_IMAGESAMPLETYPE_FLOAT;
            desc.views[1].texture.multisampled = false;
            desc.views[1].texture.hlsl_register_t_n = 1;
            desc.samplers[0].stage = SG_SHADERSTAGE_FRAGMENT;
            desc.samplers[0].sampler_type = SG_SAMPLERTYPE_FILTERING;
            desc.samplers[0].hlsl_register_s_n = 0;
            desc.samplers[1].stage = SG_SHADERSTAGE_FRAGMENT;
            desc.samplers[1].sampler_type = SG_SAMPLERTYPE_FILTERING;
            desc.samplers[1].hlsl_register_s_n = 1;
            desc.texture_sampler_pairs[0].stage = SG_SHADERSTAGE_FRAGMENT;
            desc.texture_sampler_pairs[0].view_slot = 0;
            desc.texture_sampler_pairs[0].sampler_slot = 0;
            desc.texture_sampler_pairs[1].stage = SG_SHADERSTAGE_FRAGMENT;
            desc.texture_sampler_pairs[1].view_slot = 1;
            desc.texture_sampler_pairs[1].sampler_slot = 1;
            desc.label = "oe_composite_shader";
        }
        return &desc;
    }
    return 0;
}
static inline const sg_shader_desc* oe_line_shader_desc(sg_backend backend) {
    if (backend == SG_BACKEND_GLCORE) {
        static sg_shader_desc desc;
        static bool valid;
        if (!valid) {
            valid = true;
            desc.vertex_func.source = (const char*)oe_line_vs_source_glsl430;
            desc.vertex_func.entry = "main";
            desc.fragment_func.source = (const char*)oe_color_fs_source_glsl430;
            desc.fragment_func.entry = "main";
            desc.attrs[0].base_type = SG_SHADERATTRBASETYPE_FLOAT;
            desc.attrs[0].glsl_name = "position";
            desc.attrs[1].base_type = SG_SHADERATTRBASETYPE_FLOAT;
            desc.attrs[1].glsl_name = "color0";
            desc.uniform_blocks[0].stage = SG_SHADERSTAGE_VERTEX;
            desc.uniform_blocks[0].layout = SG_UNIFORMLAYOUT_STD140;
            desc.uniform_blocks[0].size = 64;
            desc.uniform_blocks[0].glsl_uniforms[0].type = SG_UNIFORMTYPE_FLOAT4;
            desc.uniform_blocks[0].glsl_uniforms[0].array_count = 4;
            desc.uniform_blocks[0].glsl_uniforms[0].glsl_name = "line_params";
            desc.label = "oe_line_shader";
        }
        return &desc;
    }
    if (backend == SG_BACKEND_GLES3) {
        static sg_shader_desc desc;
        static bool valid;
        if (!valid) {
            valid = true;
            desc.vertex_func.source = (const char*)oe_line_vs_source_glsl300es;
            desc.vertex_func.entry = "main";
            desc.fragment_func.source = (const char*)oe_color_fs_source_glsl300es;
            desc.fragment_func.entry = "main";
            desc.attrs[0].base_type = SG_SHADERATTRBASETYPE_FLOAT;
            desc.attrs[0].glsl_name = "position";
            desc.attrs[1].base_type = SG_SHADERATTRBASETYPE_FLOAT;
            desc.attrs[1].glsl_name = "color0";
            desc.uniform_blocks[0].stage = SG_SHADERSTAGE_VERTEX;
            desc.uniform_blocks[0].layout = SG_UNIFORMLAYOUT_STD140;
            desc.uniform_blocks[0].size = 64;
            desc.uniform_blocks[0].glsl_uniforms[0].type = SG_UNIFORMTYPE_FLOAT4;
            desc.uniform_blocks[0].glsl_uniforms[0].array_count = 4;
            desc.uniform_blocks[0].glsl_uniforms[0].glsl_name = "line_params";
            desc.label = "oe_line_shader";
        }
        return &desc;
    }
    if (backend == SG_BACKEND_D3D11) {
        static sg_shader_desc desc;
        static bool valid;
        if (!valid) {
            valid = true;
            desc.vertex_func.source = (const char*)oe_line_vs_source_hlsl5;
            desc.vertex_func.d3d11_target = "vs_5_0";
            desc.vertex_func.entry = "main";
            desc.fragment_func.source = (const char*)oe_color_fs_source_hlsl5;
            desc.fragment_func.d3d11_target = "ps_5_0";
            desc.fragment_func.entry = "main";
            desc.attrs[0].base_type = SG_SHADERATTRBASETYPE_FLOAT;
            desc.attrs[0].hlsl_sem_name = "TEXCOORD";
            desc.attrs[0].hlsl_sem_index = 0;
            desc.attrs[1].base_type = SG_SHADERATTRBASETYPE_FLOAT;
            desc.attrs[1].hlsl_sem_name = "TEXCOORD";
            desc.attrs[1].hlsl_sem_index = 1;
            desc.uniform_blocks[0].stage = SG_SHADERSTAGE_VERTEX;
            desc.uniform_blocks[0].layout = SG_UNIFORMLAYOUT_STD140;
            desc.uniform_blocks[0].size = 64;
            desc.uniform_blocks[0].hlsl_register_b_n = 0;
            desc.label = "oe_line_shader";
        }
        return &desc;
    }
    return 0;
}
static inline const sg_shader_desc* oe_mesh_shader_desc(sg_backend backend) {
    if (backend == SG_BACKEND_GLCORE) {
        static sg_shader_desc desc;
        static bool valid;
        if (!valid) {
            valid = true;
            desc.vertex_func.source = (const char*)oe_mesh_vs_source_glsl430;
            desc.vertex_func.entry = "main";
            desc.fragment_func.source = (const char*)oe_mesh_fs_source_glsl430;
            desc.fragment_func.entry = "main";
            desc.attrs[0].base_type = SG_SHADERATTRBASETYPE_FLOAT;
            desc.attrs[0].glsl_name = "position";
            desc.attrs[1].base_type = SG_SHADERATTRBASETYPE_FLOAT;
            desc.attrs[1].glsl_name = "normal";
            desc.attrs[2].base_type = SG_SHADERATTRBASETYPE_FLOAT;
            desc.attrs[2].glsl_name = "texcoord";
            desc.uniform_blocks[0].stage = SG_SHADERSTAGE_VERTEX;
            desc.uniform_blocks[0].layout = SG_UNIFORMLAYOUT_STD140;
            desc.uniform_blocks[0].size = 192;
            desc.uniform_blocks[0].glsl_uniforms[0].type = SG_UNIFORMTYPE_FLOAT4;
            desc.uniform_blocks[0].glsl_uniforms[0].array_count = 12;
            desc.uniform_blocks[0].glsl_uniforms[0].glsl_name = "mesh_vs_params";
            desc.uniform_blocks[1].stage = SG_SHADERSTAGE_FRAGMENT;
            desc.uniform_blocks[1].layout = SG_UNIFORMLAYOUT_STD140;
            desc.uniform_blocks[1].size = 32;
            desc.uniform_blocks[1].glsl_uniforms[0].type = SG_UNIFORMTYPE_FLOAT4;
            desc.uniform_blocks[1].glsl_uniforms[0].array_count = 2;
            desc.uniform_blocks[1].glsl_uniforms[0].glsl_name = "mesh_material";
            desc.uniform_blocks[2].stage = SG_SHADERSTAGE_FRAGMENT;
            desc.uniform_blocks[2].layout = SG_UNIFORMLAYOUT_STD140;
            desc.uniform_blocks[2].size = 752;
            desc.uniform_blocks[2].glsl_uniforms[0].type = SG_UNIFORMTYPE_FLOAT4;
            desc.uniform_blocks[2].glsl_uniforms[0].array_count = 47;
            desc.uniform_blocks[2].glsl_uniforms[0].glsl_name = "mesh_lights";
            desc.views[0].texture.stage = SG_SHADERSTAGE_FRAGMENT;
            desc.views[0].texture.image_type = SG_IMAGETYPE_2D;
            desc.views[0].texture.sample_type = SG_IMAGESAMPLETYPE_FLOAT;
            desc.views[0].texture.multisampled = false;
            desc.views[1].texture.stage = SG_SHADERSTAGE_FRAGMENT;
            desc.views[1].texture.image_type = SG_IMAGETYPE_2D;
            desc.views[1].texture.sample_type = SG_IMAGESAMPLETYPE_DEPTH;
            desc.views[1].texture.multisampled = false;
            desc.samplers[0].stage = SG_SHADERSTAGE_FRAGMENT;
            desc.samplers[0].sampler_type = SG_SAMPLERTYPE_FILTERING;
            desc.samplers[1].stage = SG_SHADERSTAGE_FRAGMENT;
            desc.samplers[1].sampler_type = SG_SAMPLERTYPE_COMPARISON;
            desc.texture_sampler_pairs[0].stage = SG_SHADERSTAGE_FRAGMENT;
            desc.texture_sampler_pairs[0].view_slot = 0;
            desc.texture_sampler_pairs[0].sampler_slot = 0;
            desc.texture_sampler_pairs[0].glsl_name = "base_tex_base_smp";
            desc.texture_sampler_pairs[1].stage = SG_SHADERSTAGE_FRAGMENT;
            desc.texture_sampler_pairs[1].view_slot = 1;
            desc.texture_sampler_pairs[1].sampler_slot = 1;
            desc.texture_sampler_pairs[1].glsl_name = "shadow_tex_shadow_smp";
            desc.label = "oe_mesh_shader";
        }
        return &desc;
    }
    if (backend == SG_BACKEND_GLES3) {
        static sg_shader_desc desc;
        static bool valid;
        if (!valid) {
            valid = true;
            desc.vertex_func.source = (const char*)oe_mesh_vs_source_glsl300es;
            desc.vertex_func.entry = "main";
            desc.fragment_func.source = (const char*)oe_mesh_fs_source_glsl300es;
            desc.fragment_func.entry = "main";
            desc.attrs[0].base_type = SG_SHADERATTRBASETYPE_FLOAT;
            desc.attrs[0].glsl_name = "position";
            desc.attrs[1].base_type = SG_SHADERATTRBASETYPE_FLOAT;
            desc.attrs[1].glsl_name = "normal";
            desc.attrs[2].base_type = SG_SHADERATTRBASETYPE_FLOAT;
            desc.attrs[2].glsl_name = "texcoord";
            desc.uniform_blocks[0].stage = SG_SHADERSTAGE_VERTEX;
            desc.uniform_blocks[0].layout = SG_UNIFORMLAYOUT_STD140;
            desc.uniform_blocks[0].size = 192;
            desc.uniform_blocks[0].glsl_uniforms[0].type = SG_UNIFORMTYPE_FLOAT4;
            desc.uniform_blocks[0].glsl_uniforms[0].array_count = 12;
            desc.uniform_blocks[0].glsl_uniforms[0].glsl_name = "mesh_vs_params";
            desc.uniform_blocks[1].stage = SG_SHADERSTAGE_FRAGMENT;
            desc.uniform_blocks[1].layout = SG_UNIFORMLAYOUT_STD140;
            desc.uniform_blocks[1].size = 32;
            desc.uniform_blocks[1].glsl_uniforms[0].type = SG_UNIFORMTYPE_FLOAT4;
            desc.uniform_blocks[1].glsl_uniforms[0].array_count = 2;
            desc.uniform_blocks[1].glsl_uniforms[0].glsl_name = "mesh_material";
            desc.uniform_blocks[2].stage = SG_SHADERSTAGE_FRAGMENT;
            desc.uniform_blocks[2].layout = SG_UNIFORMLAYOUT_STD140;
            desc.uniform_blocks[2].size = 752;
            desc.uniform_blocks[2].glsl_uniforms[0].type = SG_UNIFORMTYPE_FLOAT4;
            desc.uniform_blocks[2].glsl_uniforms[0].array_count = 47;
            desc.uniform_blocks[2].glsl_uniforms[0].glsl_name = "mesh_lights";
            desc.views[0].texture.stage = SG_SHADERSTAGE_FRAGMENT;
            desc.views[0].texture.image_type = SG_IMAGETYPE_2D;
            desc.views[0].texture.sample_type = SG_IMAGESAMPLETYPE_FLOAT;
            desc.views[0].texture.multisampled = false;
            desc.views[1].texture.stage = SG_SHADERSTAGE_FRAGMENT;
            desc.views[1].texture.image_type = SG_IMAGETYPE_2D;
            desc.views[1].texture.sample_type = SG_IMAGESAMPLETYPE_DEPTH;
            desc.views[1].texture.multisampled = false;
            desc.samplers[0].stage = SG_SHADERSTAGE_FRAGMENT;
            desc.samplers[0].sampler_type = SG_SAMPLERTYPE_FILTERING;
            desc.samplers[1].stage = SG_SHADERSTAGE_FRAGMENT;
            desc.samplers[1].sampler_type = SG_SAMPLERTYPE_COMPARISON;
            desc.texture_sampler_pairs[0].stage = SG_SHADERSTAGE_FRAGMENT;
            desc.texture_sampler_pairs[0].view_slot = 0;
            desc.texture_sampler_pairs[0].sampler_slot = 0;
            desc.texture_sampler_pairs[0].glsl_name = "base_tex_base_smp";
            desc.texture_sampler_pairs[1].stage = SG_SHADERSTAGE_FRAGMENT;
            desc.texture_sampler_pairs[1].view_slot = 1;
            desc.texture_sampler_pairs[1].sampler_slot = 1;
            desc.texture_sampler_pairs[1].glsl_name = "shadow_tex_shadow_smp";
            desc.label = "oe_mesh_shader";
        }
        return &desc;
    }
    if (backend == SG_BACKEND_D3D11) {
        static sg_shader_desc desc;
        static bool valid;
        if (!valid) {
            valid = true;
            desc.vertex_func.source = (const char*)oe_mesh_vs_source_hlsl5;
            desc.vertex_func.d3d11_target = "vs_5_0";
            desc.vertex_func.entry = "main";
            desc.fragment_func.source = (const char*)oe_mesh_fs_source_hlsl5;
            desc.fragment_func.d3d11_target = "ps_5_0";
            desc.fragment_func.entry = "main";
            desc.attrs[0].base_type = SG_SHADERATTRBASETYPE_FLOAT;
            desc.attrs[0].hlsl_sem_name = "TEXCOORD";
            desc.attrs[0].hlsl_sem_index = 0;
            desc.attrs[1].base_type = SG_SHADERATTRBASETYPE_FLOAT;
            desc.attrs[1].hlsl_sem_name = "TEXCOORD";
            desc.attrs[1].hlsl_sem_index = 1;
            desc.attrs[2].base_type = SG_SHADERATTRBASETYPE_FLOAT;
            desc.attrs[2].hlsl_sem_name = "TEXCOORD";
            desc.attrs[2].hlsl_sem_index = 2;
            desc.uniform_blocks[0].stage = SG_SHADERSTAGE_VERTEX;
            desc.uniform_blocks[0].layout = SG_UNIFORMLAYOUT_STD140;
            desc.uniform_blocks[0].size = 192;
            desc.uniform_blocks[0].hlsl_register_b_n = 0;
            desc.uniform_blocks[1].stage = SG_SHADERSTAGE_FRAGMENT;
            desc.uniform_blocks[1].layout = SG_UNIFORMLAYOUT_STD140;
            desc.uniform_blocks[1].size = 32;
            desc.uniform_blocks[1].hlsl_register_b_n = 1;
            desc.uniform_blocks[2].stage = SG_SHADERSTAGE_FRAGMENT;
            desc.uniform_blocks[2].layout = SG_UNIFORMLAYOUT_STD140;
            desc.uniform_blocks[2].size = 752;
            desc.uniform_blocks[2].hlsl_register_b_n = 2;
            desc.views[0].texture.stage = SG_SHADERSTAGE_FRAGMENT;
            desc.views[0].texture.image_type = SG_IMAGETYPE_2D;
            desc.views[0].texture.sample_type = SG_IMAGESAMPLETYPE_FLOAT;
            desc.views[0].texture.multisampled = false;
            desc.views[0].texture.hlsl_register_t_n = 0;
            desc.views[1].texture.stage = SG_SHADERSTAGE_FRAGMENT;
            desc.views[1].texture.image_type = SG_IMAGETYPE_2D;
            desc.views[1].texture.sample_type = SG_IMAGESAMPLETYPE_DEPTH;
            desc.views[1].texture.multisampled = false;
            desc.views[1].texture.hlsl_register_t_n = 1;
            desc.samplers[0].stage = SG_SHADERSTAGE_FRAGMENT;
            desc.samplers[0].sampler_type = SG_SAMPLERTYPE_FILTERING;
            desc.samplers[0].hlsl_register_s_n = 0;
            desc.samplers[1].stage = SG_SHADERSTAGE_FRAGMENT;
            desc.samplers[1].sampler_type = SG_SAMPLERTYPE_COMPARISON;
            desc.samplers[1].hlsl_register_s_n = 1;
            desc.texture_sampler_pairs[0].stage = SG_SHADERSTAGE_FRAGMENT;
            desc.texture_sampler_pairs[0].view_slot = 0;
            desc.texture_sampler_pairs[0].sampler_slot = 0;
            desc.texture_sampler_pairs[1].stage = SG_SHADERSTAGE_FRAGMENT;
            desc.texture_sampler_pairs[1].view_slot = 1;
            desc.texture_sampler_pairs[1].sampler_slot = 1;
            desc.label = "oe_mesh_shader";
        }
        return &desc;
    }
    return 0;
}
static inline const sg_shader_desc* oe_shadow_shader_desc(sg_backend backend) {
    if (backend == SG_BACKEND_GLCORE) {
        static sg_shader_desc desc;
        static bool valid;
        if (!valid) {
            valid = true;
            desc.vertex_func.source = (const char*)oe_pos_vs_source_glsl430;
            desc.vertex_func.entry = "main";
            desc.fragment_func.source = (const char*)oe_depth_fs_source_glsl430;
            desc.fragment_func.entry = "main";
            desc.attrs[0].base_type = SG_SHADERATTRBASETYPE_FLOAT;
            desc.attrs[0].glsl_name = "position";
            desc.uniform_blocks[0].stage = SG_SHADERSTAGE_VERTEX;
            desc.uniform_blocks[0].layout = SG_UNIFORMLAYOUT_STD140;
            desc.uniform_blocks[0].size = 64;
            desc.uniform_blocks[0].glsl_uniforms[0].type = SG_UNIFORMTYPE_FLOAT4;
            desc.uniform_blocks[0].glsl_uniforms[0].array_count = 4;
            desc.uniform_blocks[0].glsl_uniforms[0].glsl_name = "pos_vs_params";
            desc.label = "oe_shadow_shader";
        }
        return &desc;
    }
    if (backend == SG_BACKEND_GLES3) {
        static sg_shader_desc desc;
        static bool valid;
        if (!valid) {
            valid = true;
            desc.vertex_func.source = (const char*)oe_pos_vs_source_glsl300es;
            desc.vertex_func.entry = "main";
            desc.fragment_func.source = (const char*)oe_depth_fs_source_glsl300es;
            desc.fragment_func.entry = "main";
            desc.attrs[0].base_type = SG_SHADERATTRBASETYPE_FLOAT;
            desc.attrs[0].glsl_name = "position";
            desc.uniform_blocks[0].stage = SG_SHADERSTAGE_VERTEX;
            desc.uniform_blocks[0].layout = SG_UNIFORMLAYOUT_STD140;
            desc.uniform_blocks[0].size = 64;
            desc.uniform_blocks[0].glsl_uniforms[0].type = SG_UNIFORMTYPE_FLOAT4;
            desc.uniform_blocks[0].glsl_uniforms[0].array_count = 4;
            desc.uniform_blocks[0].glsl_uniforms[0].glsl_name = "pos_vs_params";
            desc.label = "oe_shadow_shader";
        }
        return &desc;
    }
    if (backend == SG_BACKEND_D3D11) {
        static sg_shader_desc desc;
        static bool valid;
        if (!valid) {
            valid = true;
            desc.vertex_func.source = (const char*)oe_pos_vs_source_hlsl5;
            desc.vertex_func.d3d11_target = "vs_5_0";
            desc.vertex_func.entry = "main";
            desc.fragment_func.source = (const char*)oe_depth_fs_source_hlsl5;
            desc.fragment_func.d3d11_target = "ps_5_0";
            desc.fragment_func.entry = "main";
            desc.attrs[0].base_type = SG_SHADERATTRBASETYPE_FLOAT;
            desc.attrs[0].hlsl_sem_name = "TEXCOORD";
            desc.attrs[0].hlsl_sem_index = 0;
            desc.uniform_blocks[0].stage = SG_SHADERSTAGE_VERTEX;
            desc.uniform_blocks[0].layout = SG_UNIFORMLAYOUT_STD140;
            desc.uniform_blocks[0].size = 64;
            desc.uniform_blocks[0].hlsl_register_b_n = 0;
            desc.label = "oe_shadow_shader";
        }
        return &desc;
    }
    return 0;
}
static inline const sg_shader_desc* oe_solid_shader_desc(sg_backend backend) {
    if (backend == SG_BACKEND_GLCORE) {
        static sg_shader_desc desc;
        static bool valid;
        if (!valid) {
            valid = true;
            desc.vertex_func.source = (const char*)oe_pos_vs_source_glsl430;
            desc.vertex_func.entry = "main";
            desc.fragment_func.source = (const char*)oe_solid_fs_source_glsl430;
            desc.fragment_func.entry = "main";
            desc.attrs[0].base_type = SG_SHADERATTRBASETYPE_FLOAT;
            desc.attrs[0].glsl_name = "position";
            desc.uniform_blocks[0].stage = SG_SHADERSTAGE_VERTEX;
            desc.uniform_blocks[0].layout = SG_UNIFORMLAYOUT_STD140;
            desc.uniform_blocks[0].size = 64;
            desc.uniform_blocks[0].glsl_uniforms[0].type = SG_UNIFORMTYPE_FLOAT4;
            desc.uniform_blocks[0].glsl_uniforms[0].array_count = 4;
            desc.uniform_blocks[0].glsl_uniforms[0].glsl_name = "pos_vs_params";
            desc.uniform_blocks[1].stage = SG_SHADERSTAGE_FRAGMENT;
            desc.uniform_blocks[1].layout = SG_UNIFORMLAYOUT_STD140;
            desc.uniform_blocks[1].size = 16;
            desc.uniform_blocks[1].glsl_uniforms[0].type = SG_UNIFORMTYPE_FLOAT4;
            desc.uniform_blocks[1].glsl_uniforms[0].array_count = 1;
            desc.uniform_blocks[1].glsl_uniforms[0].glsl_name = "solid_params";
            desc.label = "oe_solid_shader";
        }
        return &desc;
    }
    if (backend == SG_BACKEND_GLES3) {
        static sg_shader_desc desc;
        static bool valid;
        if (!valid) {
            valid = true;
            desc.vertex_func.source = (const char*)oe_pos_vs_source_glsl300es;
            desc.vertex_func.entry = "main";
            desc.fragment_func.source = (const char*)oe_solid_fs_source_glsl300es;
            desc.fragment_func.entry = "main";
            desc.attrs[0].base_type = SG_SHADERATTRBASETYPE_FLOAT;
            desc.attrs[0].glsl_name = "position";
            desc.uniform_blocks[0].stage = SG_SHADERSTAGE_VERTEX;
            desc.uniform_blocks[0].layout = SG_UNIFORMLAYOUT_STD140;
            desc.uniform_blocks[0].size = 64;
            desc.uniform_blocks[0].glsl_uniforms[0].type = SG_UNIFORMTYPE_FLOAT4;
            desc.uniform_blocks[0].glsl_uniforms[0].array_count = 4;
            desc.uniform_blocks[0].glsl_uniforms[0].glsl_name = "pos_vs_params";
            desc.uniform_blocks[1].stage = SG_SHADERSTAGE_FRAGMENT;
            desc.uniform_blocks[1].layout = SG_UNIFORMLAYOUT_STD140;
            desc.uniform_blocks[1].size = 16;
            desc.uniform_blocks[1].glsl_uniforms[0].type = SG_UNIFORMTYPE_FLOAT4;
            desc.uniform_blocks[1].glsl_uniforms[0].array_count = 1;
            desc.uniform_blocks[1].glsl_uniforms[0].glsl_name = "solid_params";
            desc.label = "oe_solid_shader";
        }
        return &desc;
    }
    if (backend == SG_BACKEND_D3D11) {
        static sg_shader_desc desc;
        static bool valid;
        if (!valid) {
            valid = true;
            desc.vertex_func.source = (const char*)oe_pos_vs_source_hlsl5;
            desc.vertex_func.d3d11_target = "vs_5_0";
            desc.vertex_func.entry = "main";
            desc.fragment_func.source = (const char*)oe_solid_fs_source_hlsl5;
            desc.fragment_func.d3d11_target = "ps_5_0";
            desc.fragment_func.entry = "main";
            desc.attrs[0].base_type = SG_SHADERATTRBASETYPE_FLOAT;
            desc.attrs[0].hlsl_sem_name = "TEXCOORD";
            desc.attrs[0].hlsl_sem_index = 0;
            desc.uniform_blocks[0].stage = SG_SHADERSTAGE_VERTEX;
            desc.uniform_blocks[0].layout = SG_UNIFORMLAYOUT_STD140;
            desc.uniform_blocks[0].size = 64;
            desc.uniform_blocks[0].hlsl_register_b_n = 0;
            desc.uniform_blocks[1].stage = SG_SHADERSTAGE_FRAGMENT;
            desc.uniform_blocks[1].layout = SG_UNIFORMLAYOUT_STD140;
            desc.uniform_blocks[1].size = 16;
            desc.uniform_blocks[1].hlsl_register_b_n = 1;
            desc.label = "oe_solid_shader";
        }
        return &desc;
    }
    return 0;
}
static inline const sg_shader_desc* oe_ui_shader_desc(sg_backend backend) {
    if (backend == SG_BACKEND_GLCORE) {
        static sg_shader_desc desc;
        static bool valid;
        if (!valid) {
            valid = true;
            desc.vertex_func.source = (const char*)oe_ui_vs_source_glsl430;
            desc.vertex_func.entry = "main";
            desc.fragment_func.source = (const char*)oe_color_fs_source_glsl430;
            desc.fragment_func.entry = "main";
            desc.attrs[0].base_type = SG_SHADERATTRBASETYPE_FLOAT;
            desc.attrs[0].glsl_name = "position";
            desc.attrs[1].base_type = SG_SHADERATTRBASETYPE_FLOAT;
            desc.attrs[1].glsl_name = "color0";
            desc.uniform_blocks[0].stage = SG_SHADERSTAGE_VERTEX;
            desc.uniform_blocks[0].layout = SG_UNIFORMLAYOUT_STD140;
            desc.uniform_blocks[0].size = 16;
            desc.uniform_blocks[0].glsl_uniforms[0].type = SG_UNIFORMTYPE_FLOAT4;
            desc.uniform_blocks[0].glsl_uniforms[0].array_count = 1;
            desc.uniform_blocks[0].glsl_uniforms[0].glsl_name = "ui_params";
            desc.label = "oe_ui_shader";
        }
        return &desc;
    }
    if (backend == SG_BACKEND_GLES3) {
        static sg_shader_desc desc;
        static bool valid;
        if (!valid) {
            valid = true;
            desc.vertex_func.source = (const char*)oe_ui_vs_source_glsl300es;
            desc.vertex_func.entry = "main";
            desc.fragment_func.source = (const char*)oe_color_fs_source_glsl300es;
            desc.fragment_func.entry = "main";
            desc.attrs[0].base_type = SG_SHADERATTRBASETYPE_FLOAT;
            desc.attrs[0].glsl_name = "position";
            desc.attrs[1].base_type = SG_SHADERATTRBASETYPE_FLOAT;
            desc.attrs[1].glsl_name = "color0";
            desc.uniform_blocks[0].stage = SG_SHADERSTAGE_VERTEX;
            desc.uniform_blocks[0].layout = SG_UNIFORMLAYOUT_STD140;
            desc.uniform_blocks[0].size = 16;
            desc.uniform_blocks[0].glsl_uniforms[0].type = SG_UNIFORMTYPE_FLOAT4;
            desc.uniform_blocks[0].glsl_uniforms[0].array_count = 1;
            desc.uniform_blocks[0].glsl_uniforms[0].glsl_name = "ui_params";
            desc.label = "oe_ui_shader";
        }
        return &desc;
    }
    if (backend == SG_BACKEND_D3D11) {
        static sg_shader_desc desc;
        static bool valid;
        if (!valid) {
            valid = true;
            desc.vertex_func.source = (const char*)oe_ui_vs_source_hlsl5;
            desc.vertex_func.d3d11_target = "vs_5_0";
            desc.vertex_func.entry = "main";
            desc.fragment_func.source = (const char*)oe_color_fs_source_hlsl5;
            desc.fragment_func.d3d11_target = "ps_5_0";
            desc.fragment_func.entry = "main";
            desc.attrs[0].base_type = SG_SHADERATTRBASETYPE_FLOAT;
            desc.attrs[0].hlsl_sem_name = "TEXCOORD";
            desc.attrs[0].hlsl_sem_index = 0;
            desc.attrs[1].base_type = SG_SHADERATTRBASETYPE_FLOAT;
            desc.attrs[1].hlsl_sem_name = "TEXCOORD";
            desc.attrs[1].hlsl_sem_index = 1;
            desc.uniform_blocks[0].stage = SG_SHADERSTAGE_VERTEX;
            desc.uniform_blocks[0].layout = SG_UNIFORMLAYOUT_STD140;
            desc.uniform_blocks[0].size = 16;
            desc.uniform_blocks[0].hlsl_register_b_n = 0;
            desc.label = "oe_ui_shader";
        }
        return &desc;
    }
    return 0;
}
